,pandemic,covid,covid-19,coronavirus,cases,cdc,fauci,recession,crisis,deaths,restrictions,lockdown,vaccine,vaccines,travel,stimulus,variant,pfizer
2017-01-01,100,0,0,0,83,16,0,21,42,100,58,28,36,22,59,12,42,12
2017-01-02,49,0,0,18,89,31,0,55,64,60,48,44,44,25,65,21,32,27
2017-01-03,50,0,0,34,93,45,0,41,59,55,51,46,62,42,73,19,50,43
2017-01-04,56,0,0,17,94,63,0,58,54,53,47,51,70,54,71,32,25,74
2017-01-05,36,0,0,17,89,56,50,34,70,43,70,52,85,55,72,42,59,56
2017-01-06,54,0,0,17,84,52,0,77,64,48,58,63,58,40,64,30,40,77
2017-01-07,38,0,0,20,82,26,0,71,54,47,57,37,49,37,65,11,29,32
2017-01-08,56,0,0,0,90,33,57,23,44,49,64,44,47,35,69,29,45,29
2017-01-09,41,0,0,66,82,52,0,66,64,45,68,77,64,52,67,53,48,61
2017-01-10,57,0,0,33,87,72,0,63,85,35,85,42,100,59,68,62,100,54
2017-01-11,32,0,0,0,86,51,49,63,81,44,62,60,90,100,65,60,62,89
2017-01-12,48,0,0,100,89,65,49,63,83,35,68,80,89,84,66,41,63,59
2017-01-13,65,0,0,34,73,55,100,61,65,43,54,64,77,73,69,61,79,50
2017-01-14,53,0,0,39,86,30,0,35,54,39,50,100,44,31,66,15,23,32
2017-01-15,48,0,0,19,88,29,0,46,53,39,69,67,47,44,63,18,56,23
2017-01-16,40,100,0,17,93,38,0,83,59,41,66,48,70,54,67,26,15,51
2017-01-17,44,95,0,49,87,63,0,53,73,43,74,57,88,52,76,59,52,88
2017-01-18,57,0,0,82,95,57,0,70,94,39,83,64,75,66,68,69,43,59
2017-01-19,57,0,0,65,91,61,48,79,82,45,75,52,80,55,70,49,85,70
2017-01-20,35,0,0,33,80,60,48,66,76,41,74,66,68,33,59,74,71,51
2017-01-21,30,0,0,0,80,27,0,54,47,34,51,96,52,54,62,44,67,26
2017-01-22,50,0,0,19,83,28,0,49,57,46,56,75,55,31,69,18,49,25
2017-01-23,61,92,0,16,100,66,0,72,79,41,57,67,84,56,68,60,77,63
2017-01-24,47,0,0,49,87,100,48,81,86,44,65,91,76,57,65,40,94,63
2017-01-25,13,0,0,50,88,78,49,100,86,56,79,82,88,50,66,75,58,52
2017-01-26,56,94,0,65,98,77,0,81,85,45,78,54,92,63,64,67,66,53
2017-01-27,52,0,0,17,83,68,50,71,79,48,72,86,71,74,61,45,88,56
2017-01-28,38,0,0,20,92,44,0,59,67,70,56,95,68,46,65,30,45,29
2017-01-29,60,0,0,19,98,39,0,47,82,56,80,29,52,43,90,55,45,49
2017-01-30,55,0,0,48,88,63,0,80,96,53,84,77,68,47,100,81,74,59
2017-01-31,49,0,0,16,93,77,0,87,100,53,100,99,77,50,94,100,74,100
2017-02-01,40,0,0,82,94,90,27,89,94,74,82,88,77,67,91,34,66,94
2017-02-02,57,0,0,50,82,95,0,72,96,69,99,100,77,62,84,40,91,93
2017-02-03,59,0,0,17,81,89,0,52,81,81,81,45,72,68,79,30,60,100
2017-02-04,55,0,0,41,95,53,34,35,68,84,88,38,61,54,100,25,47,59
2017-02-05,72,0,0,79,98,42,33,37,61,73,73,20,38,36,88,28,74,25
2017-02-06,63,0,0,49,81,72,27,70,76,69,98,32,66,42,78,47,47,67
2017-02-07,56,0,0,99,89,78,0,59,83,66,67,41,85,56,89,30,71,68
2017-02-08,98,0,0,84,85,95,0,70,80,71,91,39,77,74,97,56,97,85
2017-02-09,74,0,0,34,92,74,0,73,79,77,95,32,80,66,96,49,58,79
2017-02-10,55,0,0,70,86,79,29,55,93,62,86,40,71,76,94,33,45,84
2017-02-11,39,0,0,41,78,46,100,27,59,64,84,38,64,37,73,22,47,33
2017-02-12,70,0,0,61,88,40,0,31,59,82,94,23,49,62,77,20,88,51
2017-02-13,79,0,0,49,81,77,53,67,79,75,91,32,71,81,79,52,47,85
2017-02-14,83,0,0,68,85,82,28,73,91,68,85,29,72,62,74,51,49,86
2017-02-15,71,0,0,86,85,100,0,93,85,72,80,44,73,80,77,67,99,65
2017-02-16,49,0,0,33,87,85,0,88,86,72,89,29,83,82,74,47,91,75
2017-02-17,53,0,0,67,76,97,0,85,79,61,79,37,74,72,71,35,77,78
2017-02-18,73,0,0,40,81,48,0,34,52,61,86,36,58,49,70,24,75,43
2017-02-19,100,0,0,21,94,40,0,46,70,76,76,26,60,60,74,29,41,26
2017-02-20,60,0,0,70,85,66,0,76,79,73,91,29,77,38,79,58,65,50
2017-02-21,69,100,0,50,87,87,27,87,100,75,87,46,83,75,80,100,76,81
2017-02-22,93,0,0,33,87,77,27,90,97,90,82,31,89,100,86,76,100,62
2017-02-23,73,0,0,100,85,89,27,100,77,67,87,29,100,66,86,82,91,81
2017-02-24,58,0,0,34,97,81,0,74,79,75,100,20,90,80,74,55,64,95
2017-02-25,35,0,0,20,97,42,0,72,47,46,74,53,55,37,74,31,47,40
2017-02-26,43,0,0,78,100,45,0,51,65,83,74,27,57,37,74,24,45,42
2017-02-27,76,0,0,16,100,75,0,97,90,100,81,25,75,55,72,61,81,90
2017-02-28,84,0,0,31,96,74,0,85,86,75,96,32,81,77,80,39,72,59
2017-03-01,49,0,0,0,80,95,0,85,75,78,95,38,89,71,77,88,63,68
2017-03-02,57,0,0,0,85,95,0,57,78,82,76,81,95,100,77,72,86,64
2017-03-03,48,0,0,17,83,97,0,33,80,80,63,32,86,71,80,67,43,81
2017-03-04,43,0,0,39,73,48,0,33,48,76,67,53,64,46,80,58,45,43
2017-03-05,84,0,0,58,78,56,0,53,64,86,78,24,54,53,79,60,45,32
2017-03-06,83,0,0,16,100,94,0,100,78,87,83,44,88,76,96,78,86,71
2017-03-07,55,0,0,45,78,81,0,74,71,77,85,63,90,68,89,80,70,76
2017-03-08,79,98,0,81,77,88,0,64,83,85,89,55,92,84,86,54,61,82
2017-03-09,42,0,0,79,77,81,0,70,78,85,92,57,80,89,76,70,96,70
2017-03-10,69,0,0,100,68,95,0,71,70,87,70,35,100,81,81,55,53,53
2017-03-11,24,0,0,20,73,52,99,54,46,73,60,55,55,50,71,43,68,46
2017-03-12,49,0,0,18,83,45,0,58,59,68,51,23,56,64,81,47,47,34
2017-03-13,63,0,0,31,79,78,77,56,70,89,76,21,82,61,92,98,62,80
2017-03-14,31,0,0,32,79,75,0,47,79,83,100,45,75,68,96,53,37,66
2017-03-15,32,0,0,16,79,79,0,57,78,95,83,51,77,77,100,48,75,63
2017-03-16,68,100,0,0,76,93,0,45,63,89,65,44,92,53,83,55,72,67
2017-03-17,46,0,0,69,67,80,0,60,63,78,64,37,66,75,76,54,50,61
2017-03-18,34,0,0,40,73,49,0,30,46,96,59,22,49,48,74,29,52,37
2017-03-19,43,0,0,0,75,42,100,27,60,83,81,22,55,38,79,58,91,40
2017-03-20,76,0,0,33,76,86,83,62,83,90,63,42,85,87,84,93,71,75
2017-03-21,80,0,0,50,79,100,84,68,82,79,94,48,93,76,89,79,81,98
2017-03-22,72,0,0,49,80,71,0,73,92,100,88,100,83,97,80,64,72,83
2017-03-23,45,0,0,17,80,91,85,66,87,86,89,58,87,56,78,71,58,54
2017-03-24,61,0,0,17,74,72,0,38,71,90,70,55,80,76,74,59,58,51
2017-03-25,39,0,0,80,70,38,0,18,44,80,83,38,62,50,76,44,40,40
2017-03-26,47,0,0,39,76,47,0,54,53,94,79,39,59,36,79,36,40,49
2017-03-27,100,100,0,33,78,84,0,50,77,90,78,65,81,72,81,57,100,67
2017-03-28,52,0,0,66,75,83,0,80,91,75,92,87,88,77,80,100,76,100
2017-03-29,52,0,0,16,73,86,0,75,89,93,76,94,77,68,76,48,76,80
2017-03-30,64,0,0,33,82,79,0,78,100,82,68,63,77,91,76,67,77,75
2017-03-31,49,0,0,0,79,70,0,36,69,93,74,61,74,71,71,93,78,71
2017-04-01,24,0,0,0,91,48,47,9,40,75,62,49,55,40,84,33,90,24
2017-04-02,57,0,0,24,91,37,0,46,41,84,84,49,53,46,91,33,64,44
2017-04-03,58,0,0,19,91,88,0,60,73,71,84,49,81,63,96,86,52,82
2017-04-04,89,0,0,19,92,97,0,77,85,84,89,100,75,60,93,80,78,66
2017-04-05,66,0,0,19,82,83,38,68,80,71,85,49,72,73,93,70,94,58
2017-04-06,51,0,0,0,92,77,0,55,87,80,100,63,71,65,94,78,83,66
2017-04-07,78,0,0,0,80,70,0,45,87,100,85,77,75,64,88,45,83,50
2017-04-08,74,0,0,0,88,33,0,44,47,75,76,74,59,43,90,41,92,49
2017-04-09,88,0,0,97,92,36,0,44,56,69,85,62,56,57,88,47,92,14
2017-04-10,56,0,0,40,89,92,0,59,77,75,99,58,80,71,100,50,91,85
2017-04-11,56,0,0,20,91,87,0,74,83,68,75,79,77,76,100,80,91,56
2017-04-12,28,0,0,100,77,79,39,59,88,82,90,99,76,82,88,83,81,63
2017-04-13,53,0,0,20,79,72,0,49,80,79,75,78,74,73,91,61,98,60
2017-04-14,44,0,0,22,76,61,43,51,57,66,85,74,74,70,84,39,100,40
2017-04-15,64,0,0,0,80,39,0,41,40,69,60,62,59,64,77,31,46,21
2017-04-16,71,0,0,0,71,50,100,49,51,78,72,52,45,35,80,49,41,22
2017-04-17,52,0,0,40,92,79,0,62,83,86,74,96,84,67,98,66,97,76
2017-04-18,47,100,0,39,91,83,0,68,90,78,89,64,72,79,92,68,95,100
2017-04-19,43,0,0,20,89,98,77,48,91,67,93,85,72,96,97,73,84,78
2017-04-20,100,0,0,60,92,73,0,95,84,80,84,84,75,76,92,55,86,65
2017-04-21,49,0,0,0,80,61,0,53,79,63,79,56,73,74,84,62,88,55
2017-04-22,49,0,0,24,100,42,0,37,56,57,59,35,64,50,82,23,91,48
2017-04-23,63,0,0,0,84,46,0,68,74,79,73,41,58,61,92,53,45,34
2017-04-24,63,0,0,19,94,100,0,71,94,77,75,49,78,74,99,100,53,55
2017-04-25,43,99,0,19,97,94,0,80,91,71,87,75,100,77,97,99,47,88
2017-04-26,47,0,0,0,90,77,0,100,100,85,83,98,79,97,92,64,68,60
2017-04-27,47,0,0,39,90,79,0,88,90,72,77,63,71,100,90,57,79,64
2017-04-28,49,0,0,40,84,63,0,70,81,69,75,41,75,94,83,72,54,69
2017-04-29,24,0,0,24,78,39,47,40,50,67,66,29,64,64,77,23,84,27
2017-04-30,57,0,0,24,88,41,0,55,70,72,77,62,60,77,85,29,83,37
2017-05-01,72,0,0,99,100,92,0,100,89,85,87,55,72,88,93,100,90,92
2017-05-02,72,100,0,0,89,73,75,64,100,72,85,64,84,73,97,45,74,85
2017-05-03,64,0,0,0,97,93,0,98,94,89,95,83,83,93,100,56,48,58
2017-05-04,60,0,0,100,96,84,0,98,100,63,70,72,90,100,91,67,48,70
2017-05-05,67,0,0,35,85,79,0,82,89,60,72,67,74,87,81,38,100,58
2017-05-06,84,0,0,0,68,38,46,39,46,66,60,50,52,49,78,35,81,47
2017-05-07,75,0,0,42,80,50,0,40,56,71,70,34,44,58,87,28,55,18
2017-05-08,100,0,0,34,82,75,0,82,80,84,87,39,88,81,100,29,62,68
2017-05-09,91,0,0,0,90,100,0,100,91,72,82,49,88,83,97,40,93,83
2017-05-10,70,0,0,0,85,78,38,74,90,66,67,65,82,62,92,60,58,87
2017-05-11,80,0,0,0,86,84,0,72,83,74,86,48,86,83,87,49,90,64
2017-05-12,68,0,0,0,84,63,0,68,74,63,79,60,67,79,81,45,79,56
2017-05-13,38,0,0,0,76,42,0,22,47,61,55,47,52,45,75,14,56,22
2017-05-14,55,0,0,0,75,36,0,56,48,72,70,35,56,44,80,40,34,30
2017-05-15,37,0,0,36,88,70,0,59,82,90,73,50,83,76,94,61,70,88
2017-05-16,52,0,0,37,89,76,82,70,73,69,73,45,100,68,95,31,91,100
2017-05-17,56,0,0,36,77,85,0,54,70,69,86,68,89,75,87,52,62,64
2017-05-18,75,0,0,37,69,90,41,79,75,87,72,100,94,62,80,22,48,90
2017-05-19,48,0,0,0,68,62,0,49,62,69,67,61,66,60,81,19,69,60
2017-05-20,23,0,0,44,79,36,0,42,37,68,56,26,44,43,81,19,29,31
2017-05-21,57,0,0,0,71,32,100,31,59,67,79,23,45,62,88,15,41,4
2017-05-22,55,0,0,0,80,76,40,62,75,85,66,31,85,65,95,36,52,54
2017-05-23,49,0,0,35,77,58,0,52,81,100,84,49,86,59,95,53,41,61
2017-05-24,37,0,0,73,77,91,0,69,78,76,68,51,67,72,92,37,43,51
2017-05-25,23,0,0,36,70,72,0,82,70,80,72,44,77,63,91,37,85,57
2017-05-26,50,0,0,0,69,65,0,51,55,65,64,48,77,65,86,30,51,52
2017-05-27,29,0,0,0,79,41,0,44,48,82,100,27,59,49,80,19,42,20
2017-05-28,65,0,0,0,61,36,52,16,45,86,73,32,34,37,85,12,54,28
2017-05-29,77,0,0,0,75,35,0,30,56,84,94,35,62,41,94,47,45,38
2017-05-30,51,0,0,0,82,82,0,34,71,82,65,52,84,59,97,27,52,35
2017-05-31,36,0,0,35,70,65,0,46,65,76,92,92,78,56,89,41,37,40
2017-06-01,62,0,0,0,88,100,0,49,97,66,76,55,84,63,73,56,74,57
2017-06-02,75,0,0,28,85,69,52,75,82,68,72,62,88,69,70,46,88,55
2017-06-03,29,0,0,0,82,40,0,52,62,83,85,40,61,55,69,36,48,23
2017-06-04,94,0,0,65,87,38,59,57,61,82,92,62,61,56,75,53,47,15
2017-06-05,77,0,0,79,80,74,0,75,91,76,81,40,80,81,84,63,55,73
2017-06-06,64,0,0,0,83,81,0,97,100,100,88,100,78,67,80,48,98,78
2017-06-07,42,0,0,27,100,93,0,80,94,76,67,59,79,61,70,54,61,95
2017-06-08,55,0,0,0,90,91,0,96,86,75,67,52,83,59,72,75,96,100
2017-06-09,50,0,0,28,77,73,0,50,76,69,83,48,69,44,72,41,47,84
2017-06-10,44,0,0,0,87,31,0,58,62,85,59,26,54,49,66,12,61,38
2017-06-11,74,0,0,33,81,47,0,59,70,92,81,37,53,36,67,24,48,38
2017-06-12,48,0,0,27,83,90,0,38,81,71,89,48,97,72,80,59,89,58
2017-06-13,47,100,0,0,91,68,0,51,86,71,100,66,93,63,69,48,33,60
2017-06-14,18,0,0,0,82,78,0,100,94,96,84,65,79,68,71,49,89,77
2017-06-15,100,0,0,28,80,71,51,54,89,76,80,62,89,80,69,41,70,64
2017-06-16,31,0,0,0,80,78,0,64,61,74,93,53,85,77,70,46,29,48
2017-06-17,74,0,0,0,81,54,60,12,51,100,91,36,69,47,64,24,48,11
2017-06-18,52,0,0,100,83,32,0,47,61,79,94,64,50,60,70,31,62,31
2017-06-19,95,0,0,27,88,78,49,47,75,90,76,51,91,61,81,69,61,86
2017-06-20,87,0,0,26,100,71,0,73,79,91,83,55,100,79,80,52,86,62
2017-06-21,64,0,0,0,85,87,48,65,73,88,88,42,91,74,76,38,27,81
2017-06-22,58,0,0,26,86,73,0,74,67,76,91,52,84,72,73,38,43,60
2017-06-23,54,0,0,27,79,81,0,66,75,67,83,40,77,55,78,15,100,80
2017-06-24,63,0,0,31,89,41,0,67,54,76,75,47,71,49,71,35,26,22
2017-06-25,95,0,0,0,83,49,0,52,70,78,92,33,52,49,77,24,54,19
2017-06-26,55,0,0,0,85,76,100,63,82,87,97,49,93,77,100,40,85,82
2017-06-27,31,0,0,0,81,96,0,64,64,75,92,67,91,86,91,51,63,51
2017-06-28,64,0,0,0,89,96,0,61,76,70,87,61,88,100,76,47,95,60
2017-06-29,26,0,0,0,81,83,0,76,71,76,93,69,90,67,81,100,30,66
2017-06-30,46,0,0,59,83,73,0,78,75,71,85,35,75,60,77,38,30,51
2017-07-01,60,0,0,97,81,42,29,50,70,92,74,52,57,30,77,63,31,28
2017-07-02,90,0,0,0,87,28,0,58,90,73,80,98,52,55,87,56,45,59
2017-07-03,100,0,0,0,81,67,0,42,94,81,72,79,72,54,86,85,46,30
2017-07-04,54,0,0,98,80,41,0,34,76,86,99,43,46,39,86,46,37,41
2017-07-05,36,0,0,0,93,66,0,55,89,94,91,64,86,71,88,49,66,58
2017-07-06,23,0,0,0,85,89,0,71,86,73,76,92,80,90,92,100,63,79
2017-07-07,41,0,0,84,75,89,0,97,100,81,90,49,87,81,88,47,32,63
2017-07-08,73,0,0,96,84,46,0,66,86,68,76,42,48,67,84,54,43,28
2017-07-09,61,0,0,98,100,53,59,51,76,78,79,100,57,60,100,91,50,33
2017-07-10,80,0,0,0,85,85,0,43,86,78,71,97,74,62,99,15,53,72
2017-07-11,68,0,0,83,91,100,0,81,99,82,64,80,77,94,93,31,31,62
2017-07-12,40,0,0,0,93,87,0,71,98,65,84,60,88,63,88,69,58,75
2017-07-13,23,0,0,0,84,78,0,44,98,74,86,41,84,83,80,47,53,91
2017-07-14,46,0,0,0,85,65,0,82,92,81,84,65,84,38,82,62,26,35
2017-07-15,13,0,0,0,91,37,0,73,69,82,80,28,58,53,82,27,49,20
2017-07-16,76,0,0,100,87,32,0,75,93,78,74,53,57,39,87,28,38,17
2017-07-17,57,0,0,0,88,93,0,38,92,95,76,48,86,78,83,23,58,59
2017-07-18,35,0,0,0,88,94,0,68,83,74,64,41,83,81,94,86,21,80
2017-07-19,46,0,0,0,91,78,0,77,98,68,89,32,96,91,93,78,90,62
2017-07-20,34,0,0,82,98,76,0,47,98,100,81,20,90,63,86,61,47,96
2017-07-21,41,0,0,85,92,70,25,39,93,86,100,66,84,65,83,55,48,53
2017-07-22,33,0,0,0,93,32,0,50,69,87,83,74,61,63,80,45,30,28
2017-07-23,93,0,0,0,91,47,0,17,74,99,84,47,70,40,81,72,43,44
2017-07-24,39,0,0,0,92,79,74,66,95,94,91,64,84,81,93,46,42,37
2017-07-25,74,0,0,0,86,94,100,48,91,83,83,60,81,100,85,70,100,100
2017-07-26,68,0,0,83,92,98,0,72,96,81,68,68,94,74,85,85,68,62
2017-07-27,28,0,0,83,80,81,0,100,88,86,88,44,100,81,83,62,94,76
2017-07-28,35,0,0,0,80,68,0,49,93,81,87,49,84,78,82,71,48,42
2017-07-29,66,0,0,0,79,41,29,55,71,82,68,56,58,69,76,54,30,20
2017-07-30,47,0,0,98,82,27,59,28,74,87,80,38,53,51,85,73,37,57
2017-07-31,62,100,0,82,85,89,50,85,95,83,74,76,87,68,89,54,42,85
2017-08-01,57,0,0,0,90,95,83,73,86,65,88,37,76,68,86,17,64,85
2017-08-02,30,0,0,100,99,91,79,74,68,70,93,63,90,78,87,53,34,62
2017-08-03,57,0,0,0,91,87,83,64,77,72,78,56,83,74,100,33,32,75
2017-08-04,38,0,0,36,100,74,0,43,66,58,79,38,80,62,89,17,30,74
2017-08-05,37,0,0,0,92,33,0,27,39,71,64,53,46,55,75,20,38,16
2017-08-06,38,0,0,85,94,50,0,45,59,84,79,59,49,54,86,54,17,17
2017-08-07,30,0,0,34,94,82,80,53,61,65,72,53,80,59,92,43,35,59
2017-08-08,35,0,0,67,91,82,0,26,82,74,86,64,79,89,85,27,55,75
2017-08-09,42,0,0,35,88,100,0,83,78,58,78,48,100,86,86,45,47,82
2017-08-10,32,0,0,0,90,89,0,57,86,67,97,57,88,96,84,29,100,67
2017-08-11,38,0,0,36,84,82,0,29,95,71,89,46,74,66,78,29,45,60
2017-08-12,61,0,0,0,89,58,0,27,74,61,77,26,58,44,75,13,38,36
2017-08-13,19,0,0,0,93,30,100,44,64,81,79,49,55,35,84,54,22,25
2017-08-14,63,0,0,0,82,97,85,47,69,71,63,42,77,47,84,40,33,80
2017-08-15,63,0,0,0,82,96,0,60,67,70,77,49,74,78,79,45,47,100
2017-08-16,47,0,0,35,80,89,0,46,67,59,91,78,77,74,79,68,47,79
2017-08-17,37,0,0,0,87,92,84,28,76,66,99,79,94,78,79,51,44,76
2017-08-18,37,0,0,0,81,89,85,33,65,54,69,80,67,85,72,52,22,70
2017-08-19,67,0,0,41,94,45,0,16,50,67,72,74,43,55,74,39,47,28
2017-08-20,49,0,0,41,90,40,0,32,47,68,73,61,43,60,72,33,29,12
2017-08-21,19,0,0,33,84,65,78,39,62,66,79,63,59,56,77,26,34,58
2017-08-22,57,0,0,0,93,80,0,87,56,48,88,100,78,79,86,56,39,92
2017-08-23,100,0,0,0,88,87,84,46,80,59,76,90,79,78,93,62,44,90
2017-08-24,52,0,0,0,84,80,83,73,61,68,74,44,85,78,91,100,36,68
2017-08-25,58,0,0,36,81,73,0,70,70,55,63,65,67,81,84,80,29,77
2017-08-26,54,0,0,0,78,51,0,21,61,86,65,39,51,56,69,39,21,20
2017-08-27,52,0,0,0,89,40,0,36,47,74,64,58,36,35,75,56,28,27
2017-08-28,67,0,0,35,78,68,0,100,69,100,74,66,72,53,86,83,68,44
2017-08-29,66,0,0,34,87,93,0,72,88,96,68,65,67,72,81,82,35,67
2017-08-30,56,0,0,0,81,98,0,72,96,87,100,88,77,100,82,22,57,87
2017-08-31,72,0,0,35,76,85,0,45,100,87,75,59,70,70,79,100,46,64
2017-09-01,37,0,0,0,72,69,0,44,73,74,84,48,68,57,82,45,82,68
2017-09-02,18,0,0,0,72,32,0,49,58,64,69,32,50,42,75,25,46,36
2017-09-03,54,0,0,58,71,35,0,21,53,70,75,51,40,55,79,19,41,37
2017-09-04,46,0,0,0,83,49,0,48,63,69,81,32,50,40,89,31,62,43
2017-09-05,54,0,0,96,71,84,0,72,66,66,77,35,72,68,92,39,96,46
2017-09-06,43,0,0,0,72,69,48,66,69,63,71,57,79,78,88,61,65,70
2017-09-07,39,0,0,0,71,67,0,64,83,78,76,56,84,53,89,52,100,48
2017-09-08,55,0,0,49,72,72,50,59,79,80,60,88,80,53,78,56,34,74
2017-09-09,70,0,0,57,65,26,59,57,62,74,84,29,54,40,71,31,45,29
2017-09-10,51,0,0,0,74,32,0,31,59,79,54,28,44,35,69,58,39,21
2017-09-11,20,0,0,96,69,71,0,68,76,100,100,57,68,52,84,69,58,61
2017-09-12,49,83,0,0,77,83,99,78,81,85,66,99,72,81,85,50,38,100
2017-09-13,45,0,0,0,85,80,0,58,79,80,96,62,88,65,84,58,53,52
2017-09-14,65,0,0,48,93,75,0,79,73,89,78,100,85,90,92,56,63,61
2017-09-15,57,0,0,0,82,79,0,64,72,81,84,54,85,66,82,49,50,73
2017-09-16,73,0,0,59,88,39,0,30,60,64,75,34,64,48,86,39,53,45
2017-09-17,47,0,0,0,84,40,59,33,48,66,78,48,52,47,84,38,81,18
2017-09-18,25,0,0,49,87,84,0,63,85,72,85,68,89,73,85,59,59,68
2017-09-19,30,0,0,48,89,90,49,85,82,64,76,92,92,83,90,68,96,88
2017-09-20,35,0,0,48,84,73,100,62,96,59,76,73,93,100,87,83,39,80
2017-09-21,65,0,0,0,83,84,0,77,81,66,80,96,92,71,82,83,54,74
2017-09-22,67,0,0,50,84,72,52,71,84,56,84,70,70,83,76,44,55,29
2017-09-23,97,0,0,59,90,21,0,25,67,54,79,24,56,58,74,42,41,22
2017-09-24,53,100,0,0,100,42,0,29,80,62,98,27,54,41,78,51,69,29
2017-09-25,100,0,0,97,89,78,0,79,78,63,92,70,86,70,100,72,87,58
2017-09-26,80,0,0,48,87,68,0,65,100,63,86,77,91,83,87,67,92,71
2017-09-27,61,0,0,98,92,100,0,60,97,59,92,71,94,65,92,87,69,84
2017-09-28,56,0,0,49,91,89,51,98,81,72,83,76,96,76,83,100,74,69
2017-09-29,83,87,0,100,82,63,0,100,80,62,79,93,100,64,76,74,60,57
2017-09-30,37,0,0,0,81,36,0,55,69,56,81,55,61,64,76,29,48,26
2017-10-01,66,0,0,33,100,41,0,43,44,32,62,26,41,39,93,47,40,15
2017-10-02,58,0,0,0,89,78,0,63,67,63,60,100,71,60,95,82,96,56
2017-10-03,80,0,0,27,82,81,79,76,80,100,100,56,91,69,100,76,37,59
2017-10-04,61,0,0,27,94,90,0,68,78,85,88,59,94,74,95,90,71,48
2017-10-05,61,0,0,28,81,93,0,51,77,70,84,69,76,87,90,45,91,81
2017-10-06,94,0,0,56,81,91,83,58,62,51,78,29,83,82,88,41,54,75
2017-10-07,61,0,0,66,77,51,0,29,48,51,72,20,68,70,83,48,29,21
2017-10-08,58,0,0,32,80,45,93,52,49,45,74,20,48,38,89,37,61,26
2017-10-09,54,0,0,53,86,78,0,81,63,43,73,38,69,67,93,54,51,61
2017-10-10,54,0,0,27,96,90,0,81,70,39,91,55,75,71,97,52,79,100
2017-10-11,56,0,0,82,88,87,0,80,67,37,69,33,80,68,99,66,76,50
2017-10-12,55,0,0,55,91,93,0,92,65,36,80,43,87,73,95,95,95,77
2017-10-13,89,0,0,28,78,88,83,68,56,36,72,25,75,70,93,55,69,41
2017-10-14,55,0,0,0,80,41,0,32,38,31,68,17,62,45,92,58,63,46
2017-10-15,78,0,0,33,91,43,0,42,46,31,56,43,49,38,86,63,56,45
2017-10-16,100,0,0,54,93,84,0,80,68,36,59,27,69,58,97,71,80,57
2017-10-17,90,100,0,0,95,91,0,74,80,39,66,30,90,69,96,92,47,70
2017-10-18,61,0,0,55,87,88,0,60,66,37,60,61,95,79,100,93,52,55
2017-10-19,82,0,0,28,85,90,82,64,67,34,63,57,81,81,95,89,63,74
2017-10-20,85,0,0,0,93,89,0,41,60,28,73,31,78,50,85,45,55,74
2017-10-21,63,0,0,34,84,35,100,41,35,32,57,25,52,58,88,43,30,9
2017-10-22,85,0,0,0,83,51,96,39,47,35,61,14,45,30,89,41,46,39
2017-10-23,90,99,0,27,89,81,0,100,70,38,77,41,78,85,97,99,75,40
2017-10-24,95,0,0,54,88,90,0,68,68,30,63,46,88,100,100,100,66,72
2017-10-25,86,0,0,0,82,100,0,69,69,35,75,35,100,89,100,50,100,60
2017-10-26,86,0,0,27,88,68,0,65,100,39,67,38,97,74,86,61,52,35
2017-10-27,69,0,0,57,90,78,0,56,92,36,79,40,84,67,83,69,35,55
2017-10-28,49,0,0,100,84,39,0,40,53,27,61,15,54,43,79,26,35,15
2017-10-29,72,0,0,33,90,42,0,46,62,34,58,27,56,58,89,44,34,33
2017-10-30,68,0,0,0,91,91,0,63,77,31,65,19,72,61,91,90,60,80
2017-10-31,57,0,0,28,87,91,0,64,78,36,57,32,73,59,87,87,58,64
2017-11-01,44,0,0,0,77,81,0,78,47,65,75,64,89,47,97,88,91,49
2017-11-02,29,0,0,0,78,86,0,79,49,66,72,53,87,50,93,100,83,73
2017-11-03,52,0,0,65,74,67,0,79,41,60,51,81,68,43,90,89,56,91
2017-11-04,51,0,0,0,83,40,0,40,29,52,61,48,58,35,76,51,35,54
2017-11-05,75,0,0,24,81,39,0,46,36,69,65,23,46,35,89,50,45,33
2017-11-06,46,0,0,41,77,80,0,81,41,100,96,50,81,43,96,84,77,69
2017-11-07,74,0,0,0,82,73,0,72,46,86,76,70,91,43,96,73,92,81
2017-11-08,60,50,0,41,80,76,0,72,50,76,69,47,95,47,89,62,82,83
2017-11-09,47,0,0,84,73,88,0,77,46,77,89,41,90,47,89,97,64,82
2017-11-10,79,54,0,66,78,70,0,45,47,60,84,43,79,46,91,51,78,87
2017-11-11,43,0,0,0,69,43,0,33,23,63,73,28,55,41,84,41,53,37
2017-11-12,50,0,0,24,80,45,0,54,27,61,51,17,58,30,83,57,52,23
2017-11-13,60,0,0,41,82,88,0,75,57,57,75,49,93,50,90,73,72,86
2017-11-14,67,0,0,61,81,75,82,87,44,63,55,52,100,52,94,73,92,69
2017-11-15,56,0,0,21,80,91,83,88,51,76,78,100,84,50,89,90,68,73
2017-11-16,68,0,0,42,79,92,0,86,51,65,90,80,83,45,93,83,74,83
2017-11-17,37,0,0,65,80,73,0,85,41,66,88,77,80,45,83,65,51,50
2017-11-18,73,0,0,100,76,39,100,51,28,73,65,38,50,54,79,27,65,30
2017-11-19,56,0,0,50,83,43,0,55,31,70,84,23,70,62,88,45,65,24
2017-11-20,66,0,0,21,77,61,85,100,42,90,73,47,94,100,98,64,100,35
2017-11-21,41,0,0,87,77,73,0,60,41,94,80,57,85,69,89,47,97,73
2017-11-22,63,0,0,23,69,70,0,64,40,65,75,31,83,52,86,22,54,37
2017-11-23,74,0,0,0,72,27,0,26,23,68,54,30,51,25,75,17,42,17
2017-11-24,53,0,0,24,91,27,0,46,26,49,46,12,40,30,87,23,68,29
2017-11-25,100,0,0,0,100,36,0,46,28,65,60,14,44,37,93,17,34,20
2017-11-26,93,0,0,0,93,46,0,69,39,69,83,23,49,32,96,30,52,50
2017-11-27,77,0,0,59,92,56,78,74,47,64,100,35,65,44,100,72,83,48
2017-11-28,67,0,0,39,92,77,0,92,87,58,77,43,82,54,98,75,83,53
2017-11-29,52,100,0,41,86,100,0,93,100,60,90,49,92,54,91,64,72,100
2017-11-30,56,0,0,62,83,72,0,100,87,66,77,52,84,46,90,85,58,67
2017-12-01,39,0,0,13,70,16,72,81,100,86,52,100,70,99,77,55,64,78
2017-12-02,35,0,0,61,70,12,0,41,83,81,89,68,59,55,69,25,30,22
2017-12-03,47,0,0,15,77,12,0,47,82,77,70,58,44,56,84,28,42,31
2017-12-04,67,0,0,12,72,21,0,91,86,77,99,53,100,100,97,100,52,87
2017-12-05,57,0,0,25,80,24,0,88,92,87,69,77,96,67,100,53,100,97
2017-12-06,81,0,0,25,78,23,71,100,91,91,82,56,88,86,88,55,46,96
2017-12-07,45,0,0,50,75,21,71,75,89,100,74,99,83,78,90,57,59,98
2017-12-08,52,0,0,25,66,21,36,61,87,78,85,79,89,68,76,89,57,93
2017-12-09,62,0,0,0,77,13,0,41,89,80,74,43,63,42,84,25,38,31
2017-12-10,63,0,0,15,81,13,0,53,90,86,76,46,60,73,82,31,13,53
2017-12-11,61,0,0,0,77,18,35,46,84,92,72,48,70,75,91,61,52,76
2017-12-12,48,0,0,50,75,21,0,85,85,78,75,84,81,92,85,78,49,92
2017-12-13,48,0,0,25,71,22,0,65,74,84,66,94,81,81,81,57,49,73
2017-12-14,29,0,0,26,65,17,36,81,84,80,68,90,75,64,82,55,60,100
2017-12-15,38,0,0,27,68,15,0,64,69,74,72,51,73,66,78,55,67,93
2017-12-16,20,0,0,63,72,100,0,36,48,85,59,44,55,51,76,29,26,59
2017-12-17,52,0,0,16,71,77,0,48,50,72,59,37,52,35,85,41,26,36
2017-12-18,50,0,0,39,69,51,0,85,68,90,76,37,61,64,93,56,58,79
2017-12-19,31,100,0,53,71,35,0,64,64,83,74,45,74,70,89,57,26,96
2017-12-20,42,0,0,27,67,28,0,73,60,86,67,38,81,73,82,36,38,87
2017-12-21,39,0,0,28,62,23,0,22,53,79,74,42,70,40,81,52,82,90
2017-12-22,45,0,0,0,56,13,0,40,45,82,74,36,65,41,83,24,45,64
2017-12-23,50,0,0,33,64,14,0,19,36,72,57,29,37,37,77,10,54,33
2017-12-24,52,0,0,17,56,9,0,29,35,71,45,37,29,34,73,14,9,24
2017-12-25,100,0,0,71,90,11,100,41,39,82,42,14,35,17,76,15,34,36
2017-12-26,63,0,0,92,100,12,0,27,49,72,70,12,51,40,91,22,26,54
2017-12-27,81,0,0,14,79,17,0,31,46,75,81,26,74,33,94,21,68,63
2017-12-28,62,0,0,100,66,16,0,36,54,72,77,40,55,49,92,21,63,83
2017-12-29,56,0,0,44,73,16,0,76,41,100,100,53,61,56,87,15,32,59
2017-12-30,48,0,0,78,64,14,0,15,45,86,73,16,56,56,90,16,39,36
2017-12-31,44,0,0,78,58,9,0,24,51,92,63,31,46,41,83,6,39,9
2018-01-01,83,0,0,0,91,26,0,36,52,68,72,22,38,32,69,10,45,13
2018-01-02,65,0,0,47,88,43,0,34,63,63,100,28,58,67,87,63,48,37
2018-01-03,48,0,0,69,100,44,100,25,69,70,69,17,64,48,93,40,62,74
2018-01-04,41,0,0,46,96,41,0,33,74,67,70,39,69,61,91,61,80,83
2018-01-05,61,0,0,83,93,54,0,25,73,54,78,30,57,50,91,50,54,49
2018-01-06,59,0,0,40,86,38,0,38,65,65,77,38,47,58,82,20,33,38
2018-01-07,92,0,0,13,88,31,0,40,60,53,78,21,50,51,92,45,75,41
2018-01-08,68,0,0,33,88,62,0,56,74,63,77,52,78,58,89,59,50,74
2018-01-09,54,0,0,100,88,61,48,58,69,63,77,34,69,69,87,80,41,71
2018-01-10,66,0,0,80,88,57,0,62,73,70,84,49,90,86,87,95,66,62
2018-01-11,62,94,0,0,97,68,0,59,83,76,100,100,78,94,100,56,47,77
2018-01-12,18,95,0,68,89,57,49,67,71,63,77,27,73,88,94,86,70,82
2018-01-13,78,0,0,27,90,35,0,32,58,65,70,19,53,38,88,31,28,37
2018-01-14,97,0,0,39,94,33,0,40,45,64,60,40,48,47,86,35,32,18
2018-01-15,39,100,0,60,79,54,0,46,61,65,83,43,70,66,90,50,84,35
2018-01-16,65,0,0,22,79,58,0,61,93,68,89,44,83,65,91,81,55,59
2018-01-17,57,0,0,78,88,61,0,61,85,92,73,74,72,84,87,72,46,56
2018-01-18,66,0,0,46,97,67,0,35,72,94,78,72,87,80,86,74,80,53
2018-01-19,74,0,0,23,92,67,0,52,74,96,80,42,90,87,83,53,66,56
2018-01-20,56,0,0,54,92,51,58,25,63,94,83,51,60,49,81,46,33,39
2018-01-21,71,0,0,65,90,38,0,43,58,75,64,35,56,46,87,40,64,30
2018-01-22,56,0,0,22,90,62,0,60,66,71,90,39,73,70,91,96,90,36
2018-01-23,60,0,0,0,82,68,48,71,94,95,76,70,90,75,89,88,50,62
2018-01-24,46,0,0,11,96,57,48,76,98,91,94,58,88,100,86,59,96,43
2018-01-25,73,0,0,79,97,72,49,35,100,88,84,75,89,96,85,56,84,59
2018-01-26,89,0,0,23,95,65,50,77,83,100,74,89,92,75,86,74,66,76
2018-01-27,78,0,0,27,92,46,0,58,70,99,71,29,70,55,80,46,100,29
2018-01-28,64,0,0,53,89,44,0,41,65,79,90,29,60,59,85,66,44,34
2018-01-29,92,0,0,66,86,66,0,96,91,91,81,71,72,93,83,62,95,68
2018-01-30,92,0,0,55,85,78,0,78,77,96,80,59,100,85,86,100,85,100
2018-01-31,100,0,0,66,88,100,48,100,98,88,69,78,88,85,82,97,64,86
2018-02-01,93,0,0,48,84,68,0,53,34,49,69,19,92,69,88,50,91,58
2018-02-02,64,0,0,100,78,65,0,49,33,50,74,15,94,61,83,51,42,100
2018-02-03,93,0,0,35,85,44,0,40,20,47,81,14,77,56,83,41,49,27
2018-02-04,82,0,0,34,84,41,59,61,25,33,62,14,58,63,85,31,27,26
2018-02-05,34,0,0,38,78,47,0,77,30,41,82,14,88,68,85,48,53,65
2018-02-06,69,99,0,67,83,51,0,78,32,38,78,18,88,73,88,88,67,71
2018-02-07,34,0,0,38,80,51,0,73,29,43,77,28,100,100,90,75,67,75
2018-02-08,42,0,0,68,100,53,0,69,29,40,71,20,84,75,90,76,63,70
2018-02-09,79,0,0,30,82,66,0,66,33,40,67,19,94,54,86,53,65,50
2018-02-10,54,0,0,56,81,39,59,25,19,45,62,16,62,59,83,18,32,34
2018-02-11,100,0,0,34,81,28,0,28,22,39,69,11,63,40,91,31,59,21
2018-02-12,77,0,0,48,83,61,50,66,27,43,63,13,85,79,90,73,59,58
2018-02-13,85,0,0,48,84,61,50,79,32,49,57,18,82,90,87,68,63,58
2018-02-14,62,0,0,39,65,56,50,67,31,52,63,21,82,81,76,73,100,56
2018-02-15,75,0,0,20,87,60,0,66,33,100,100,73,85,70,89,91,93,41
2018-02-16,57,0,0,40,74,52,0,47,30,88,79,100,84,84,83,63,43,42
2018-02-17,46,0,0,68,76,35,0,22,18,75,90,26,63,64,80,28,54,26
2018-02-18,55,0,0,0,78,31,0,37,19,80,82,18,51,53,86,56,76,27
2018-02-19,68,0,0,20,81,44,0,35,26,69,71,19,72,63,100,100,66,33
2018-02-20,78,0,0,10,87,63,0,46,50,63,95,40,84,65,97,98,64,72
2018-02-21,58,100,0,19,83,62,0,71,100,68,70,76,76,80,93,65,72,45
2018-02-22,62,0,0,10,86,50,100,100,57,72,96,68,71,51,91,50,63,52
2018-02-23,24,0,0,29,79,58,51,61,40,55,89,88,78,60,88,58,51,55
2018-02-24,59,0,0,11,86,52,0,36,26,57,66,22,49,43,84,31,59,34
2018-02-25,55,0,0,34,86,51,0,28,29,56,72,26,45,54,95,37,70,32
2018-02-26,76,0,0,19,91,72,0,78,37,44,83,46,75,99,96,77,94,69
2018-02-27,54,0,0,58,82,94,0,73,37,52,81,53,71,84,92,39,99,58
2018-02-28,54,0,0,39,84,100,0,65,40,49,74,64,74,89,92,84,91,54
2018-03-01,56,0,0,46,100,100,0,78,90,86,75,100,74,74,87,65,76,60
2018-03-02,42,0,0,24,96,64,0,42,100,82,80,82,81,62,89,72,53,55
2018-03-03,55,0,0,29,93,62,0,47,57,61,55,62,59,53,87,64,42,34
2018-03-04,30,0,0,29,96,54,0,28,65,62,65,30,55,60,90,47,100,22
2018-03-05,50,0,0,0,94,73,0,86,79,70,61,90,78,69,89,99,57,46
2018-03-06,62,0,0,24,95,69,0,70,81,63,75,60,86,68,97,92,78,90
2018-03-07,41,0,0,24,96,76,0,62,96,65,100,47,80,58,89,88,95,66
2018-03-08,84,0,0,72,99,73,0,74,68,65,56,48,100,82,97,64,75,75
2018-03-09,82,0,0,49,97,54,84,56,70,59,70,75,87,54,100,66,54,42
2018-03-10,50,0,0,57,97,44,0,47,53,57,68,28,69,39,94,68,42,37
2018-03-11,89,0,0,57,98,47,0,28,58,56,53,22,66,65,93,34,41,24
2018-03-12,88,0,0,48,92,69,0,50,78,53,70,39,85,52,98,75,92,59
2018-03-13,42,82,0,71,91,61,82,83,78,67,67,36,84,86,100,89,61,67
2018-03-14,55,0,0,0,82,70,0,47,79,100,75,63,84,81,98,50,80,47
2018-03-15,64,0,0,97,88,71,0,56,79,84,62,75,94,80,91,47,62,76
2018-03-16,35,0,0,75,92,64,0,63,75,70,65,42,88,59,82,67,41,65
2018-03-17,46,0,0,0,87,42,100,38,49,54,50,29,53,46,85,52,43,28
2018-03-18,46,100,0,58,90,36,0,22,54,54,46,16,57,57,85,35,37,34
2018-03-19,59,0,0,48,97,68,0,63,89,70,73,25,79,71,92,71,44,52
2018-03-20,63,0,0,24,98,65,0,76,94,65,66,81,91,100,90,100,92,57
2018-03-21,80,0,0,48,90,73,0,100,78,64,70,53,87,86,95,61,62,67
2018-03-22,60,0,0,0,91,60,0,100,97,57,78,37,97,86,92,77,63,72
2018-03-23,53,0,0,76,80,64,0,83,88,62,63,48,91,86,87,72,69,60
2018-03-24,41,0,0,0,80,45,0,38,62,82,65,19,66,49,90,30,32,38
2018-03-25,66,0,0,0,91,39,0,58,66,84,60,19,60,75,87,39,70,35
2018-03-26,100,0,0,50,92,72,0,71,96,88,83,29,81,76,98,74,50,94
2018-03-27,83,0,0,100,97,80,86,79,93,83,54,26,98,77,88,90,50,100
2018-03-28,57,0,0,25,88,73,0,68,78,65,80,37,98,91,83,52,60,49
2018-03-29,58,0,0,25,89,68,87,78,72,61,83,45,90,73,85,68,37,66
2018-03-30,47,0,0,0,85,49,92,56,63,59,69,25,83,69,79,48,54,46
2018-03-31,21,0,0,0,95,32,0,46,53,61,81,24,61,56,76,49,33,19
2018-04-01,41,0,0,0,81,32,0,51,54,79,78,59,42,44,85,41,52,29
2018-04-02,30,0,0,53,90,49,0,64,77,85,100,72,71,64,94,48,53,79
2018-04-03,41,0,0,76,87,49,0,72,72,84,81,50,81,68,99,69,55,70
2018-04-04,29,0,0,50,89,61,0,82,79,71,68,74,85,70,93,72,73,86
2018-04-05,54,0,0,77,97,100,0,60,77,92,83,81,78,53,91,73,65,76
2018-04-06,42,0,0,0,86,93,0,69,77,71,64,88,69,75,93,44,66,80
2018-04-07,49,0,0,0,81,38,0,42,47,76,49,49,62,68,85,39,54,41
2018-04-08,73,0,0,30,100,37,0,52,54,72,72,29,50,64,100,27,65,34
2018-04-09,49,0,0,100,87,54,0,84,83,82,79,90,82,53,93,71,82,71
2018-04-10,69,0,0,50,87,53,0,79,86,77,77,65,89,100,91,71,100,100
2018-04-11,100,0,0,26,94,52,0,65,91,73,82,42,80,83,100,69,74,73
2018-04-12,46,0,0,77,87,45,0,86,92,63,76,70,85,57,89,83,61,62
2018-04-13,47,0,0,53,85,45,0,56,89,75,56,100,74,54,87,71,96,75
2018-04-14,54,0,0,30,84,34,0,31,56,72,55,36,58,43,85,31,77,49
2018-04-15,63,0,0,89,99,36,0,45,62,74,83,51,54,39,95,54,32,37
2018-04-16,48,0,0,24,85,54,0,82,98,76,73,48,94,55,92,79,75,59
2018-04-17,53,0,0,75,86,51,0,81,98,92,86,78,85,72,92,100,50,77
2018-04-18,45,0,0,25,86,54,0,100,91,76,82,60,81,75,91,59,78,72
2018-04-19,41,0,0,76,85,51,0,82,89,78,70,60,89,61,89,56,92,81
2018-04-20,76,0,0,26,84,60,84,74,84,81,71,93,83,66,82,64,85,74
2018-04-21,46,0,0,31,81,78,0,35,49,89,77,47,62,48,81,24,68,57
2018-04-22,55,0,0,31,89,58,98,49,69,81,68,63,55,53,89,28,28,35
2018-04-23,53,0,0,25,87,64,80,76,91,92,71,75,79,56,97,77,45,62
2018-04-24,57,100,0,25,92,56,0,83,90,84,79,78,89,76,95,77,100,65
2018-04-25,85,0,0,25,93,59,0,98,100,88,90,83,100,61,85,64,72,51
2018-04-26,66,0,0,25,87,57,0,77,88,90,78,96,86,77,85,62,73,66
2018-04-27,75,0,0,0,82,50,0,62,83,100,72,67,86,72,83,56,51,47
2018-04-28,81,0,0,31,81,35,100,41,46,99,80,47,66,47,77,52,28,57
2018-04-29,64,0,0,0,90,34,0,55,55,99,73,39,48,54,83,31,33,24
2018-04-30,74,0,0,76,92,52,81,82,94,98,93,55,81,66,99,81,73,57
2018-05-01,67,0,0,100,84,95,0,87,85,83,90,65,82,85,91,66,41,100
2018-05-02,100,0,0,0,88,100,48,77,92,75,84,60,100,99,91,93,38,75
2018-05-03,64,0,0,0,94,88,0,74,93,87,87,75,98,83,84,82,42,65
2018-05-04,74,0,0,51,80,67,0,61,84,84,90,73,87,68,79,79,54,46
2018-05-05,66,0,0,31,77,40,0,47,44,87,86,30,52,49,81,23,60,36
2018-05-06,60,0,0,0,82,34,0,53,58,92,85,52,53,53,91,54,37,28
2018-05-07,58,0,0,25,87,83,96,87,90,91,75,66,86,50,99,100,45,52
2018-05-08,40,0,0,0,85,86,0,81,100,91,94,74,84,79,90,55,42,97
2018-05-09,31,0,0,50,85,90,0,62,87,76,74,39,81,75,91,59,72,51
2018-05-10,68,0,0,0,100,88,0,77,91,69,85,60,81,100,90,74,91,91
2018-05-11,42,46,0,26,79,79,50,85,77,78,89,62,68,66,81,35,59,60
2018-05-12,45,0,0,31,75,45,0,27,37,75,66,31,51,58,81,9,38,32
2018-05-13,51,0,0,32,80,43,0,55,47,67,78,10,44,29,87,23,62,45
2018-05-14,79,0,0,52,88,77,0,70,84,86,73,30,73,82,98,42,55,43
2018-05-15,64,0,0,51,85,84,0,86,87,75,86,46,82,75,99,64,42,72
2018-05-16,54,0,0,25,76,74,48,66,79,74,85,54,81,60,93,41,61,62
2018-05-17,32,0,0,26,86,81,49,64,81,77,55,61,77,71,91,45,50,53
2018-05-18,90,0,0,53,78,65,0,58,71,93,91,100,75,68,81,59,52,82
2018-05-19,65,0,0,30,61,48,0,39,42,100,89,37,46,51,80,27,50,35
2018-05-20,61,0,0,31,80,50,60,64,56,93,97,31,50,44,96,9,42,32
2018-05-21,69,0,0,51,82,77,0,58,78,98,72,73,83,75,100,45,50,86
2018-05-22,73,0,0,0,91,88,0,80,82,90,90,69,86,72,94,56,100,92
2018-05-23,80,0,0,0,87,91,100,94,74,81,80,86,73,72,93,31,55,74
2018-05-24,73,48,0,0,78,82,0,100,68,84,100,73,78,55,92,48,53,59
2018-05-25,60,100,0,84,80,60,0,67,60,69,91,57,70,64,83,54,34,76
2018-05-26,35,0,0,0,74,34,0,52,41,73,97,26,57,33,82,24,29,33
2018-05-27,57,0,0,0,73,34,0,31,45,92,90,26,52,34,89,37,38,33
2018-05-28,70,0,0,30,75,41,0,42,64,100,99,30,49,42,95,31,55,27
2018-05-29,73,0,0,0,82,77,0,47,84,80,87,50,83,52,98,45,62,89
2018-05-30,32,0,0,26,85,68,0,56,73,87,85,65,82,73,93,49,74,69
2018-05-31,47,0,0,0,82,78,0,88,90,90,74,54,88,77,93,43,59,61
2018-06-01,66,0,0,28,71,62,0,55,92,65,68,66,72,59,65,56,78,79
2018-06-02,40,0,0,0,86,57,100,23,78,74,73,35,53,45,68,42,69,26
2018-06-03,95,0,0,67,98,50,0,43,80,86,62,63,52,56,73,49,31,19
2018-06-04,52,0,0,28,89,86,0,43,96,85,69,63,72,65,68,100,62,72
2018-06-05,45,0,0,27,93,96,0,61,100,66,78,100,83,57,72,39,66,98
2018-06-06,27,0,0,0,89,92,0,66,92,71,82,58,92,65,71,31,89,48
2018-06-07,26,0,0,28,91,100,0,60,93,69,94,50,84,54,66,76,78,73
2018-06-08,61,100,0,57,74,99,0,54,88,100,84,94,70,82,64,47,64,29
2018-06-09,100,0,0,33,78,72,0,70,73,87,86,52,58,54,66,47,55,18
2018-06-10,85,0,0,33,86,36,0,31,68,72,79,65,58,67,73,36,80,41
2018-06-11,31,0,0,53,92,79,79,80,86,77,89,30,87,78,78,86,49,57
2018-06-12,42,0,0,26,96,89,0,82,78,73,95,63,89,87,75,51,62,72
2018-06-13,62,0,0,0,86,91,0,68,83,69,79,35,100,100,71,47,68,59
2018-06-14,65,0,0,0,90,83,0,50,82,69,77,31,98,63,69,55,41,78
2018-06-15,62,0,0,58,79,93,0,35,70,70,71,55,80,80,63,32,54,46
2018-06-16,55,0,0,100,80,44,0,29,57,50,58,25,56,75,63,42,50,26
2018-06-17,55,0,0,0,89,46,0,40,57,74,70,41,51,48,67,60,43,11
2018-06-18,67,0,0,28,100,75,0,36,88,62,100,61,68,73,69,41,100,51
2018-06-19,65,0,0,0,83,88,0,76,75,82,73,37,94,97,68,45,83,100
2018-06-20,54,0,0,28,89,93,0,49,85,63,52,29,83,81,72,46,74,57
2018-06-21,27,0,0,28,87,82,84,56,85,69,80,32,94,77,70,41,79,63
2018-06-22,40,0,0,0,82,82,0,37,69,71,58,35,90,66,66,21,58,77
2018-06-23,91,0,0,32,81,39,0,42,58,72,90,33,61,41,62,64,24,25
2018-06-24,86,0,0,33,96,40,0,43,57,77,78,41,53,59,71,36,25,15
2018-06-25,40,0,0,28,85,71,84,100,64,72,66,29,76,56,75,46,63,57
2018-06-26,46,0,0,28,93,83,0,80,67,67,92,37,91,65,100,51,79,95
2018-06-27,72,0,0,0,87,78,0,58,65,69,72,29,82,57,90,30,62,72
2018-06-28,47,0,0,86,93,85,85,66,70,61,78,38,86,77,75,41,96,58
2018-06-29,48,0,0,0,88,74,0,73,64,63,68,47,76,62,72,37,65,75
2018-06-30,55,0,0,33,90,31,0,68,69,68,75,31,58,48,67,18,55,15
2018-07-01,41,0,0,0,99,30,63,58,90,82,70,80,53,42,91,65,55,8
2018-07-02,48,0,0,34,100,72,52,56,83,66,78,57,72,54,93,54,64,23
2018-07-03,71,0,0,0,89,88,0,79,72,79,100,54,76,63,85,48,100,39
2018-07-04,32,0,0,20,75,33,0,63,61,84,97,39,61,32,88,55,38,15
2018-07-05,30,0,0,36,74,76,0,43,79,83,76,61,64,65,86,100,25,23
2018-07-06,42,0,0,34,94,70,53,89,75,89,85,68,70,75,84,79,75,21
2018-07-07,48,0,0,0,91,35,0,62,65,77,69,77,48,41,81,45,21,12
2018-07-08,81,0,0,0,92,39,0,66,74,100,65,50,49,55,88,82,43,17
2018-07-09,34,0,0,17,90,91,0,62,97,95,74,61,80,85,100,69,64,43
2018-07-10,47,0,0,0,86,69,51,49,89,75,78,69,82,62,91,67,58,35
2018-07-11,52,100,0,0,87,67,100,73,89,80,87,59,79,62,96,52,92,100
2018-07-12,50,0,0,18,88,96,0,62,95,65,76,54,91,100,90,56,62,45
2018-07-13,29,0,0,0,85,69,0,50,97,78,88,55,82,83,86,41,53,32
2018-07-14,90,0,0,0,96,46,0,30,65,69,80,51,46,62,84,28,65,16
2018-07-15,89,0,0,59,91,51,0,40,69,76,65,56,48,55,90,100,54,12
2018-07-16,77,0,0,0,98,79,0,86,94,69,89,43,81,92,93,47,61,35
2018-07-17,28,0,0,0,82,78,0,60,92,81,78,53,78,97,96,47,74,26
2018-07-18,57,0,0,0,83,84,0,100,72,70,80,74,87,88,88,80,91,26
2018-07-19,36,0,0,18,91,91,55,53,88,82,77,75,83,84,87,57,72,33
2018-07-20,100,0,0,0,84,65,0,85,85,85,86,79,73,73,77,56,38,26
2018-07-21,48,0,0,0,88,35,0,50,61,77,89,33,54,87,80,45,65,9
2018-07-22,41,0,0,20,96,39,0,63,81,95,80,56,55,53,90,46,49,6
2018-07-23,83,0,0,0,89,74,0,54,97,87,69,86,85,97,91,62,88,29
2018-07-24,55,0,0,17,95,100,52,65,84,71,65,71,100,82,92,62,46,40
2018-07-25,48,0,0,0,96,74,0,45,100,68,68,100,89,84,89,62,73,37
2018-07-26,57,0,0,17,88,71,0,79,95,75,76,34,91,82,88,40,66,27
2018-07-27,51,0,0,18,78,72,0,59,77,68,77,100,79,62,84,24,77,43
2018-07-28,49,0,0,0,89,35,0,66,65,88,76,89,57,81,80,45,32,17
2018-07-29,67,0,0,61,94,32,0,44,69,91,82,57,47,55,90,84,44,13
2018-07-30,14,0,0,17,91,60,0,51,80,85,78,72,85,82,92,86,46,32
2018-07-31,48,0,0,100,91,79,0,73,79,84,71,66,86,86,89,92,64,57
2018-08-01,56,0,0,66,85,69,0,62,78,74,100,32,88,67,100,27,72,82
2018-08-02,41,0,0,0,82,72,0,94,72,62,87,62,84,71,92,26,83,49
2018-08-03,43,0,0,0,82,77,51,64,75,59,83,31,77,56,91,22,65,100
2018-08-04,41,0,0,39,80,46,0,37,50,59,95,26,50,60,88,38,50,31
2018-08-05,50,0,0,0,80,46,0,34,64,90,91,18,48,55,99,13,40,39
2018-08-06,64,0,0,0,93,85,51,55,74,78,91,30,100,62,100,33,65,93
2018-08-07,71,0,0,33,85,89,100,68,83,90,91,32,85,71,99,27,77,74
2018-08-08,35,0,0,33,94,83,0,45,80,74,92,36,82,80,92,48,93,82
2018-08-09,21,0,0,67,81,72,50,51,89,74,86,17,81,51,90,16,51,53
2018-08-10,29,0,0,0,79,71,0,44,81,70,77,31,77,63,81,33,44,66
2018-08-11,41,0,0,78,80,40,0,63,50,74,89,31,47,40,88,12,64,55
2018-08-12,75,0,0,0,100,40,0,30,82,75,80,29,46,54,90,13,56,21
2018-08-13,50,0,0,0,80,64,50,66,86,77,78,30,81,54,97,43,43,65
2018-08-14,49,0,0,33,80,88,0,85,88,75,82,43,94,88,100,69,59,82
2018-08-15,43,0,0,34,85,90,51,52,76,98,74,29,85,76,98,44,65,45
2018-08-16,22,0,0,0,89,93,0,64,80,93,81,37,98,89,89,22,61,94
2018-08-17,64,0,0,0,81,74,0,40,80,80,71,42,100,100,87,38,39,60
2018-08-18,25,0,0,40,92,48,0,13,49,72,75,29,61,65,82,32,30,35
2018-08-19,93,0,0,0,79,41,60,55,56,84,79,32,55,38,91,19,61,39
2018-08-20,65,0,0,34,83,73,0,53,75,76,89,31,85,67,99,55,52,52
2018-08-21,85,0,0,33,82,74,50,68,84,68,73,32,82,71,88,65,77,68
2018-08-22,43,0,0,0,80,82,0,61,74,67,66,58,92,58,90,71,100,63
2018-08-23,29,0,0,34,76,76,51,41,70,71,68,44,91,60,95,72,48,73
2018-08-24,58,0,0,35,80,100,0,82,68,81,87,56,78,65,85,100,66,95
2018-08-25,50,0,0,0,83,48,59,54,65,80,74,27,67,63,82,32,35,14
2018-08-26,100,0,0,0,82,52,0,34,64,100,60,42,45,60,90,44,45,14
2018-08-27,71,0,0,100,90,80,0,57,79,98,76,68,81,64,92,97,38,71
2018-08-28,62,0,0,33,76,93,0,70,91,97,89,67,86,54,83,90,80,64
2018-08-29,21,100,0,66,86,96,0,73,72,77,75,80,94,69,87,74,68,47
2018-08-30,42,0,0,67,73,84,0,100,100,65,87,100,87,90,87,81,38,71
2018-08-31,50,0,0,34,80,67,0,52,74,82,82,78,84,66,82,81,43,48
2018-09-01,17,0,0,79,74,37,0,15,39,57,72,45,49,52,83,40,71,20
2018-09-02,40,0,0,0,80,33,100,21,50,61,82,37,43,32,88,31,47,15
2018-09-03,70,0,0,0,80,34,0,49,55,53,82,34,44,44,94,45,49,22
2018-09-04,42,0,0,65,74,78,0,49,86,47,66,44,64,73,96,61,47,72
2018-09-05,60,0,0,65,75,100,0,64,75,50,73,63,81,74,94,63,55,91
2018-09-06,42,100,0,32,81,84,0,45,79,59,71,55,85,69,93,47,68,65
2018-09-07,47,0,0,66,66,60,82,39,72,78,77,64,71,59,85,64,34,63
2018-09-08,66,0,0,0,68,50,0,55,42,82,64,50,44,38,81,26,35,20
2018-09-09,27,0,0,37,74,47,0,49,74,69,75,25,47,45,82,38,63,38
2018-09-10,37,0,0,32,79,91,80,63,83,65,68,57,67,78,100,79,76,47
2018-09-11,46,0,0,0,71,81,0,63,98,67,77,62,71,72,96,65,33,64
2018-09-12,51,0,0,65,87,87,0,60,100,68,75,78,72,73,92,77,89,70
2018-09-13,51,0,0,0,88,70,0,81,86,60,76,78,72,84,86,80,55,55
2018-09-14,33,0,0,67,95,77,0,61,90,88,51,84,78,73,79,59,100,64
2018-09-15,56,0,0,0,77,49,0,56,72,78,72,36,49,50,83,37,56,26
2018-09-16,60,0,0,38,100,38,0,53,68,91,68,59,50,57,87,26,25,37
2018-09-17,70,0,0,98,83,82,0,68,86,100,86,54,84,59,94,77,51,38
2018-09-18,56,0,0,33,95,65,81,100,89,88,84,95,77,63,94,71,55,48
2018-09-19,33,0,0,100,87,86,0,65,100,74,77,76,81,97,90,70,78,34
2018-09-20,57,0,0,33,91,83,82,74,91,56,92,100,84,71,95,67,47,68
2018-09-21,43,0,0,68,93,63,84,53,76,50,92,60,76,50,86,51,70,52
2018-09-22,46,0,0,0,85,48,0,37,66,47,100,36,54,58,82,37,73,29
2018-09-23,66,0,0,0,97,47,0,61,66,51,92,29,36,56,84,59,45,11
2018-09-24,47,0,0,66,98,86,0,78,99,53,78,64,77,84,93,78,56,100
2018-09-25,60,0,0,33,98,92,81,73,90,51,80,76,92,88,89,66,55,72
2018-09-26,51,0,0,33,99,97,81,56,89,64,98,77,100,93,94,100,81,84
2018-09-27,100,0,0,0,98,93,0,68,92,60,98,72,84,100,86,91,57,61
2018-09-28,38,0,0,67,79,78,83,70,87,49,77,69,81,89,78,68,61,37
2018-09-29,23,0,0,81,88,37,0,45,62,60,80,25,59,57,75,38,53,18
2018-09-30,72,0,0,0,90,39,0,36,62,43,86,24,50,28,84,23,51,23
2018-10-01,46,0,0,0,93,67,0,68,75,80,83,92,73,81,91,94,42,100
2018-10-02,96,0,0,27,92,85,0,40,83,73,89,37,77,73,90,70,33,64
2018-10-03,51,0,0,27,98,74,0,72,85,82,82,57,83,74,100,91,67,77
2018-10-04,57,0,0,0,100,64,0,61,86,77,80,84,79,100,92,79,72,60
2018-10-05,47,0,0,55,92,66,0,43,80,77,93,100,80,57,84,46,65,58
2018-10-06,55,0,0,0,96,31,0,25,48,65,88,37,53,36,81,56,25,43
2018-10-07,54,0,0,63,96,31,0,31,57,80,73,28,48,51,83,46,49,30
2018-10-08,92,0,0,81,95,54,0,48,81,86,71,69,77,64,97,76,55,49
2018-10-09,77,100,0,27,91,75,0,65,81,91,80,60,82,84,96,86,72,62
2018-10-10,83,0,0,27,90,67,0,66,74,87,80,60,84,77,92,90,60,55
2018-10-11,93,0,0,27,98,88,0,93,96,100,80,56,81,77,97,69,43,71
2018-10-12,81,0,0,57,83,59,0,69,80,88,80,84,77,70,86,83,53,46
2018-10-13,44,0,0,100,75,27,0,40,45,92,75,49,52,51,79,42,89,38
2018-10-14,49,0,0,33,85,33,0,44,59,88,61,29,51,41,86,41,56,37
2018-10-15,83,0,0,55,90,74,100,46,80,91,80,72,88,71,94,69,56,60
2018-10-16,62,0,0,27,79,78,0,58,89,84,77,62,96,96,90,100,51,62
2018-10-17,52,0,0,27,92,100,0,75,83,69,100,51,100,80,89,60,64,83
2018-10-18,100,0,0,0,86,89,0,77,82,80,73,66,94,98,88,65,100,85
2018-10-19,59,0,0,0,86,65,0,46,77,79,71,70,80,63,85,52,53,49
2018-10-20,43,0,0,32,80,40,0,32,54,71,69,42,59,57,78,31,40,28
2018-10-21,31,0,0,0,89,37,0,43,63,63,59,19,52,60,87,44,56,22
2018-10-22,57,0,0,27,86,72,0,83,100,78,77,45,77,86,92,82,55,50
2018-10-23,77,0,0,54,94,92,0,85,91,93,90,56,79,88,89,82,55,73
2018-10-24,84,0,0,0,91,67,0,100,87,77,85,56,76,79,83,81,78,80
2018-10-25,63,0,0,55,86,71,0,70,85,83,62,66,82,81,85,64,69,45
2018-10-26,43,0,0,0,79,68,52,81,76,83,76,63,75,84,77,69,72,52
2018-10-27,55,0,0,32,88,36,0,46,40,100,74,50,55,48,80,28,46,25
2018-10-28,73,0,0,32,100,35,59,27,70,91,73,24,49,65,87,44,50,31
2018-10-29,76,0,0,0,93,79,0,81,88,87,71,72,68,61,92,67,59,61
2018-10-30,87,0,0,0,91,76,0,69,81,76,74,40,78,67,87,81,64,70
2018-10-31,69,0,0,56,89,63,0,62,88,95,73,67,72,68,88,43,57,54
2018-11-01,46,0,0,15,72,31,54,66,78,90,68,80,93,82,76,96,98,79
2018-11-02,56,0,0,14,66,33,51,74,77,72,80,52,92,64,78,65,65,40
2018-11-03,41,0,0,17,71,16,0,41,43,73,82,32,68,62,75,34,72,28
2018-11-04,64,0,0,33,79,17,0,55,55,64,71,34,59,55,85,52,37,40
2018-11-05,59,0,0,13,79,28,0,76,81,83,91,33,97,81,86,70,47,69
2018-11-06,21,0,0,14,75,28,0,71,70,65,79,41,88,84,85,79,44,52
2018-11-07,67,100,0,25,61,31,0,78,82,62,89,41,92,77,70,76,64,55
2018-11-08,63,0,0,28,80,31,50,77,97,100,75,56,97,88,82,70,64,65
2018-11-09,35,0,0,14,74,23,0,51,82,87,78,100,80,65,78,77,61,41
2018-11-10,72,0,0,0,76,14,0,41,56,73,77,43,60,54,76,47,77,34
2018-11-11,100,0,0,17,72,16,0,30,53,90,75,22,50,40,77,40,59,30
2018-11-12,47,0,0,0,78,27,0,79,68,88,78,28,78,88,84,48,73,94
2018-11-13,59,0,0,56,78,33,0,73,91,87,82,66,84,81,86,89,100,62
2018-11-14,59,0,0,0,79,35,50,81,90,89,90,64,94,85,83,76,73,45
2018-11-15,34,0,0,28,68,34,0,73,75,88,82,45,84,80,80,100,59,62
2018-11-16,44,0,0,44,68,30,0,55,80,97,89,66,79,84,75,49,62,79
2018-11-17,61,0,0,0,74,13,0,38,45,97,75,22,55,67,78,34,60,71
2018-11-18,25,0,0,17,81,17,0,50,64,83,78,20,58,66,81,34,60,41
2018-11-19,57,0,0,29,78,36,52,61,73,92,100,21,93,85,90,46,80,100
2018-11-20,52,0,0,0,75,89,0,100,71,81,78,51,96,86,81,32,61,85
2018-11-21,19,0,0,16,75,100,0,68,59,61,79,24,92,71,78,43,70,50
2018-11-22,36,0,0,0,72,42,0,40,40,70,54,17,50,50,70,27,49,34
2018-11-23,87,0,0,16,100,26,0,23,42,70,56,26,52,33,77,22,47,29
2018-11-24,88,0,0,33,93,22,0,44,41,72,57,23,48,50,86,19,58,26
2018-11-25,89,0,0,33,94,21,0,55,58,73,82,23,70,50,95,36,48,23
2018-11-26,48,0,0,53,91,40,0,59,82,84,63,19,79,82,100,65,68,50
2018-11-27,78,0,0,55,96,41,0,84,100,91,77,45,89,80,94,84,49,63
2018-11-28,25,0,0,14,90,33,100,91,90,79,86,68,95,100,94,61,77,62
2018-11-29,90,0,0,100,83,38,0,68,87,69,72,51,100,96,87,73,74,100
2018-11-30,70,0,0,14,86,30,0,77,71,69,84,53,88,75,80,57,58,69
2018-12-01,55,0,0,17,72,54,0,15,39,94,81,33,68,59,74,29,34,16
2018-12-02,27,0,0,17,79,47,0,34,38,69,98,24,56,76,79,22,44,44
2018-12-03,66,80,0,43,87,90,0,39,62,100,91,85,78,74,90,68,79,55
2018-12-04,77,0,0,14,79,100,0,73,62,96,77,68,100,84,84,100,66,60
2018-12-05,35,0,0,14,79,89,0,100,61,80,92,78,89,78,83,44,100,58
2018-12-06,83,0,0,0,74,98,0,82,67,97,86,66,90,91,83,58,68,52
2018-12-07,57,0,0,45,75,83,0,72,59,73,77,80,72,87,80,71,52,51
2018-12-08,57,0,0,18,68,46,0,69,40,65,81,39,49,55,78,23,31,38
2018-12-09,60,0,0,34,72,54,42,62,40,70,70,29,58,57,91,55,64,26
2018-12-10,66,0,0,58,79,80,0,70,67,77,69,39,73,74,92,71,63,29
2018-12-11,48,83,0,74,81,99,0,64,70,78,78,61,81,100,84,45,86,51
2018-12-12,72,83,0,74,78,75,0,73,100,67,82,82,84,71,87,53,64,41
2018-12-13,40,82,0,58,78,76,36,67,71,87,86,100,75,75,86,83,51,68
2018-12-14,70,0,0,100,75,77,0,62,65,79,91,83,78,54,79,38,54,62
2018-12-15,73,0,0,36,73,47,0,43,37,83,69,46,55,44,80,24,31,14
2018-12-16,58,0,0,36,70,43,0,52,42,72,70,28,45,39,78,17,52,22
2018-12-17,70,0,0,41,77,86,0,83,58,86,81,61,76,71,85,67,39,27
2018-12-18,90,0,0,14,65,88,35,100,55,83,66,69,82,77,91,58,88,38
2018-12-19,100,0,0,15,70,67,0,92,55,78,75,79,83,90,89,73,40,100
2018-12-20,50,0,0,77,69,67,0,93,53,71,86,74,64,65,77,50,67,60
2018-12-21,44,0,0,32,61,63,40,81,43,67,94,48,59,41,89,9,66,48
2018-12-22,61,0,0,19,68,48,0,72,31,58,81,46,51,23,79,18,81,17
2018-12-23,71,0,0,19,62,29,0,46,38,73,56,12,37,39,74,11,43,14
2018-12-24,54,0,0,0,59,36,0,71,27,74,81,19,47,34,69,10,32,28
2018-12-25,56,0,0,41,85,33,100,56,32,78,95,16,31,25,70,16,30,38
2018-12-26,76,98,0,18,100,50,0,70,43,73,100,36,56,60,96,0,36,35
2018-12-27,53,0,0,16,87,53,0,49,31,77,88,25,58,57,100,9,42,38
2018-12-28,26,0,0,80,78,70,0,42,30,85,74,27,74,61,99,9,51,42
2018-12-29,73,100,0,89,72,42,0,35,35,88,96,35,64,34,86,7,41,11
2018-12-30,38,0,0,88,64,40,0,37,37,91,74,16,43,40,84,10,41,27
2018-12-31,94,0,0,66,64,54,40,38,36,80,82,34,53,47,88,9,43,28
2019-01-01,72,0,0,25,85,26,0,40,42,76,73,18,24,17,74,14,29,20
2019-01-02,44,0,0,66,98,69,0,55,63,76,81,23,57,40,93,16,70,70
2019-01-03,73,0,0,64,89,92,95,94,64,100,75,22,54,46,98,38,68,83
2019-01-04,48,0,0,44,90,85,97,100,60,65,76,31,64,68,100,43,84,61
2019-01-05,49,0,0,49,92,37,0,46,48,71,63,13,47,41,92,13,67,19
2019-01-06,72,0,0,12,94,38,0,39,52,75,79,31,41,34,89,13,92,19
2019-01-07,54,0,0,41,100,83,0,50,70,58,64,31,60,60,86,37,51,49
2019-01-08,32,0,0,50,95,81,0,58,73,64,82,35,72,51,86,47,60,94
2019-01-09,62,0,0,41,92,80,0,73,100,79,84,44,52,56,88,51,75,74
2019-01-10,73,0,0,71,86,73,0,60,91,79,90,49,67,65,95,76,32,100
2019-01-11,55,0,0,52,84,80,0,74,96,70,71,47,59,60,84,41,66,69
2019-01-12,53,0,0,24,95,33,0,35,57,62,73,31,39,53,88,34,60,32
2019-01-13,48,0,0,48,90,43,0,39,58,67,78,28,33,52,87,38,43,32
2019-01-14,65,0,0,50,94,80,0,54,88,70,88,39,61,49,90,79,69,73
2019-01-15,69,0,0,40,88,90,0,56,89,71,72,100,70,60,85,65,37,70
2019-01-16,65,0,0,40,92,76,0,72,80,68,71,91,54,61,89,51,69,73
2019-01-17,69,100,0,50,92,80,0,75,74,77,75,72,70,53,89,57,73,67
2019-01-18,33,0,0,62,94,89,0,73,78,53,64,48,58,55,84,52,66,47
2019-01-19,100,0,0,12,83,40,0,45,63,67,64,26,49,59,93,34,65,38
2019-01-20,55,0,0,23,91,33,100,33,55,61,78,16,43,30,97,52,82,12
2019-01-21,37,0,0,10,79,62,92,63,58,52,71,19,58,42,85,55,52,52
2019-01-22,16,0,0,79,93,86,0,82,98,61,100,63,63,68,85,67,63,71
2019-01-23,56,0,0,100,83,94,0,71,82,68,84,39,70,52,83,43,91,83
2019-01-24,64,0,0,50,95,89,88,71,90,61,73,50,80,75,83,82,54,50
2019-01-25,46,0,0,72,93,97,0,64,97,68,69,42,65,67,78,100,52,50
2019-01-26,69,0,0,61,91,59,0,34,57,65,57,25,64,70,77,35,56,36
2019-01-27,73,0,0,24,98,52,0,44,65,62,86,19,65,56,85,35,49,55
2019-01-28,40,0,0,80,94,71,0,57,87,57,72,55,81,84,84,68,59,80
2019-01-29,28,0,0,50,86,79,0,52,80,70,95,43,94,77,90,86,54,85
2019-01-30,60,0,0,70,86,98,0,52,85,81,82,25,100,98,98,68,63,58
2019-01-31,72,0,0,90,90,100,88,59,82,86,85,45,86,100,88,71,100,80
2019-02-01,70,0,0,83,80,72,0,42,73,64,70,42,89,92,84,62,45,71
2019-02-02,29,0,0,22,90,39,0,48,51,49,68,30,80,84,86,25,67,20
2019-02-03,64,0,0,32,84,39,0,20,57,49,60,58,62,71,78,66,5,27
2019-02-04,95,0,0,35,85,70,79,58,74,53,70,30,76,61,75,51,50,78
2019-02-05,100,0,0,92,88,95,0,61,92,64,62,68,99,81,93,78,93,74
2019-02-06,74,0,0,18,85,84,83,69,94,52,78,60,92,81,83,77,100,62
2019-02-07,87,0,0,44,87,84,81,67,87,54,69,46,100,77,93,65,55,49
2019-02-08,70,0,0,46,78,85,0,57,70,58,65,66,86,77,87,56,52,91
2019-02-09,54,0,0,55,83,50,0,40,55,50,62,29,83,66,91,29,48,31
2019-02-10,58,0,0,32,84,42,0,23,54,61,62,28,67,69,92,47,47,33
2019-02-11,81,0,0,61,88,78,0,58,77,51,75,56,89,100,88,100,81,95
2019-02-12,74,0,0,64,90,74,0,62,84,51,94,62,93,90,97,35,84,65
2019-02-13,50,0,0,100,79,87,0,72,75,65,89,73,97,92,88,88,52,82
2019-02-14,80,0,0,64,84,64,0,73,89,52,67,100,85,80,83,57,65,60
2019-02-15,89,0,0,76,79,72,87,76,80,56,76,75,76,86,78,48,46,42
2019-02-16,54,0,0,44,78,47,0,51,67,56,86,44,68,61,86,32,39,41
2019-02-17,60,0,0,66,75,73,100,48,65,58,72,35,62,63,91,35,39,27
2019-02-18,69,0,0,39,87,73,88,55,73,58,66,33,80,81,96,94,51,57
2019-02-19,45,0,0,18,73,90,0,42,100,59,81,47,77,81,91,58,64,71
2019-02-20,60,0,0,55,89,100,0,92,80,67,80,50,94,99,93,92,93,100
2019-02-21,88,0,0,36,79,94,0,55,96,54,66,58,86,74,88,68,44,70
2019-02-22,56,0,0,47,86,95,0,38,81,54,66,71,84,93,83,68,78,46
2019-02-23,63,0,0,32,88,61,0,33,62,56,59,30,60,67,87,22,70,16
2019-02-24,53,0,0,11,88,49,0,38,70,63,62,37,54,57,100,80,62,30
2019-02-25,86,0,0,26,88,82,80,100,84,57,100,61,82,85,87,72,93,76
2019-02-26,35,0,0,64,88,74,0,75,90,66,68,57,77,96,90,80,80,65
2019-02-27,96,0,0,27,100,70,0,65,91,69,85,55,85,87,87,57,70,49
2019-02-28,85,0,0,28,86,77,84,54,88,100,72,61,86,79,92,75,89,63
2019-03-01,61,0,0,57,89,77,34,38,81,92,92,100,79,66,83,47,60,98
2019-03-02,54,0,0,34,86,54,0,40,44,67,62,40,67,67,82,29,55,35
2019-03-03,54,0,0,33,99,59,40,24,60,69,92,32,55,41,94,35,50,31
2019-03-04,92,0,0,38,90,66,0,46,100,100,88,51,73,58,92,54,71,98
2019-03-05,56,0,0,38,89,100,34,38,88,83,72,59,94,80,86,54,89,79
2019-03-06,69,0,0,64,98,89,100,49,89,82,97,62,96,88,97,65,45,92
2019-03-07,52,0,0,48,99,79,0,42,95,69,90,54,77,100,93,100,43,93
2019-03-08,59,0,0,30,96,77,0,46,81,64,90,51,85,86,81,44,60,82
2019-03-09,32,0,0,12,84,60,0,35,55,61,100,48,71,65,86,15,53,77
2019-03-10,56,0,0,58,88,47,0,26,53,66,69,42,65,50,91,36,17,44
2019-03-11,67,0,0,48,100,88,0,53,96,62,97,50,71,64,100,65,40,73
2019-03-12,47,0,0,58,85,75,0,38,100,64,78,60,90,87,89,58,84,67
2019-03-13,74,0,0,39,85,89,0,39,91,58,77,50,79,63,84,36,74,78
2019-03-14,62,0,0,67,81,73,0,45,84,69,96,35,82,71,89,47,87,73
2019-03-15,68,0,0,29,72,77,0,31,64,67,78,85,75,64,86,38,44,73
2019-03-16,75,0,0,47,77,55,0,28,58,64,87,51,61,46,77,27,40,40
2019-03-17,64,0,0,71,81,50,0,45,53,70,75,40,48,40,83,25,40,33
2019-03-18,65,0,0,100,96,81,0,43,87,59,70,34,60,48,89,39,57,90
2019-03-19,67,0,0,48,99,75,0,46,86,70,93,89,77,65,92,47,43,79
2019-03-20,58,0,0,59,90,89,0,42,100,59,92,82,81,62,82,44,56,58
2019-03-21,79,0,0,29,82,77,0,58,96,61,82,48,93,52,84,53,44,74
2019-03-22,91,0,0,40,82,70,0,96,76,59,90,67,73,56,76,41,68,69
2019-03-23,49,0,0,11,79,39,0,78,50,58,79,33,52,30,75,27,35,56
2019-03-24,47,0,0,22,89,44,0,68,60,51,82,42,44,43,87,25,29,30
2019-03-25,69,0,0,59,94,68,0,100,90,74,85,71,74,58,91,53,59,61
2019-03-26,91,100,0,20,87,72,0,71,100,65,96,72,89,58,87,83,71,100
2019-03-27,81,0,0,30,89,93,0,65,83,68,86,80,100,86,83,60,76,87
2019-03-28,100,0,0,0,92,78,0,59,89,66,86,55,95,74,79,53,63,78
2019-03-29,54,0,0,20,76,74,0,56,78,60,73,93,89,53,83,44,49,69
2019-03-30,50,0,0,12,79,50,0,36,61,58,73,33,68,51,80,6,48,36
2019-03-31,62,0,0,12,91,40,42,45,67,69,93,51,52,38,91,33,100,52
2019-04-01,60,0,0,14,91,74,0,64,89,68,64,10,52,50,90,17,88,71
2019-04-02,92,0,0,28,92,70,0,82,84,57,64,15,61,72,96,66,62,100
2019-04-03,93,0,0,56,90,81,83,66,85,66,65,9,66,66,88,34,82,95
2019-04-04,56,0,0,28,92,68,0,56,84,51,65,15,62,69,92,33,80,68
2019-04-05,48,0,0,43,84,63,0,77,70,58,60,22,57,63,81,48,65,82
2019-04-06,37,100,0,34,76,47,100,37,41,54,68,15,39,45,83,25,64,50
2019-04-07,74,0,0,34,76,42,0,45,59,55,51,13,38,44,87,31,58,38
2019-04-08,71,0,0,27,91,80,0,64,82,65,74,16,58,76,99,66,94,59
2019-04-09,86,0,0,83,94,91,0,89,82,48,60,16,72,73,94,76,76,90
2019-04-10,66,0,0,28,90,87,0,77,88,63,83,15,77,100,91,61,100,50
2019-04-11,45,0,0,41,92,78,0,68,83,56,50,24,65,72,97,45,71,56
2019-04-12,68,0,0,57,84,68,83,36,75,57,66,18,56,66,89,55,63,57
2019-04-13,50,0,0,17,75,40,0,50,44,61,77,17,43,48,81,31,41,46
2019-04-14,92,0,0,33,89,44,0,45,63,64,69,12,39,34,87,49,52,53
2019-04-15,86,81,0,41,86,63,0,66,81,69,76,10,61,68,86,63,52,65
2019-04-16,63,0,0,28,89,78,0,57,77,67,73,34,70,68,89,81,83,96
2019-04-17,74,0,0,100,88,81,0,67,94,56,99,100,64,74,84,52,88,93
2019-04-18,100,0,0,57,93,79,84,56,70,45,100,37,69,66,90,42,64,90
2019-04-19,61,0,0,45,79,67,0,40,51,55,71,15,77,67,84,22,68,38
2019-04-20,32,0,0,70,73,45,0,40,49,62,62,14,48,52,82,19,48,35
2019-04-21,47,0,0,0,73,44,0,46,43,53,68,12,35,40,84,43,62,29
2019-04-22,92,0,0,15,100,63,86,72,84,58,81,16,66,70,95,59,75,63
2019-04-23,57,0,0,28,97,79,0,59,90,62,74,19,70,74,89,47,72,60
2019-04-24,57,0,0,14,89,100,0,77,86,65,74,14,78,90,86,65,63,73
2019-04-25,72,0,0,70,81,81,0,58,83,56,85,13,84,88,89,61,86,66
2019-04-26,67,0,0,14,78,85,82,69,72,54,77,15,100,80,87,26,81,66
2019-04-27,44,0,0,34,70,51,100,41,49,50,56,7,64,73,80,12,46,38
2019-04-28,37,0,0,0,86,36,0,43,64,71,83,7,47,68,88,28,92,46
2019-04-29,61,0,0,14,79,90,0,71,92,100,99,11,78,95,91,76,94,65
2019-04-30,80,0,0,0,97,92,0,100,100,66,91,22,84,86,100,100,61,92
2019-05-01,100,0,0,19,97,85,76,70,100,60,87,83,78,77,91,84,63,83
2019-05-02,63,0,0,19,97,100,76,69,88,53,94,56,100,100,89,100,87,79
2019-05-03,71,0,0,20,91,76,0,61,83,51,64,62,92,73,86,74,48,68
2019-05-04,33,0,0,70,90,42,92,34,44,59,79,37,55,59,78,47,55,43
2019-05-05,83,0,0,71,90,41,0,32,45,59,86,24,49,64,87,35,35,36
2019-05-06,78,0,0,39,100,74,0,67,94,59,79,47,71,78,90,72,63,72
2019-05-07,59,0,0,39,97,74,0,73,84,58,91,81,70,58,90,78,63,74
2019-05-08,55,0,0,59,84,73,0,76,87,58,81,56,65,65,83,52,55,74
2019-05-09,68,0,0,19,86,82,0,58,91,60,93,85,66,79,86,68,100,50
2019-05-10,66,0,0,20,79,59,80,45,81,62,80,100,58,58,78,47,61,74
2019-05-11,29,0,0,0,82,39,0,19,41,65,70,41,50,47,75,29,42,59
2019-05-12,51,0,0,24,85,32,0,26,49,51,75,38,40,55,79,41,31,33
2019-05-13,61,0,0,40,97,84,0,92,85,73,88,45,56,64,98,67,56,83
2019-05-14,70,0,0,100,88,62,0,76,83,80,84,63,70,65,93,77,73,82
2019-05-15,38,0,0,20,87,81,0,69,94,68,81,64,74,70,93,58,61,80
2019-05-16,37,0,0,40,89,67,0,48,83,64,95,44,63,77,94,33,69,73
2019-05-17,58,0,0,21,85,64,81,32,70,64,69,78,55,50,87,48,66,50
2019-05-18,35,0,0,0,83,37,0,36,41,50,77,37,40,41,80,8,58,49
2019-05-19,34,100,0,0,80,34,0,33,52,65,71,32,35,31,83,16,47,30
2019-05-20,33,0,0,60,87,66,0,73,85,58,90,37,48,71,94,43,47,100
2019-05-21,79,0,0,20,79,68,0,66,82,66,76,85,59,56,97,63,77,58
2019-05-22,61,0,0,61,77,68,0,59,78,52,96,47,58,56,91,78,78,83
2019-05-23,72,0,0,20,91,65,0,43,70,58,71,49,53,66,91,58,92,90
2019-05-24,29,0,0,21,77,62,0,41,57,56,91,53,50,58,90,35,54,67
2019-05-25,12,0,0,25,77,37,0,49,39,64,86,49,39,35,82,17,49,23
2019-05-26,54,0,0,0,73,31,100,37,39,81,88,45,34,34,85,17,66,23
2019-05-27,61,0,0,0,74,31,0,35,59,100,81,22,31,43,94,24,77,22
2019-05-28,42,0,0,0,73,66,0,76,73,86,82,17,45,37,100,44,35,73
2019-05-29,50,0,0,39,84,68,0,100,68,82,92,54,55,39,97,23,75,56
2019-05-30,42,0,0,60,91,75,0,77,73,64,100,42,49,54,94,33,55,81
2019-05-31,38,0,0,0,83,68,0,46,63,62,76,63,49,42,93,27,62,56
2019-06-01,73,0,0,30,82,35,0,49,46,33,60,36,62,56,71,31,44,23
2019-06-02,64,0,0,0,88,47,0,57,50,35,53,48,45,51,78,48,38,28
2019-06-03,54,0,0,25,91,85,48,100,70,36,69,74,74,68,87,47,66,33
2019-06-04,48,0,0,25,83,100,0,53,71,35,83,65,85,77,91,74,83,35
2019-06-05,55,0,0,25,81,81,49,63,67,63,100,58,92,77,92,68,66,100
2019-06-06,55,0,0,50,87,81,0,62,72,76,65,72,99,99,85,53,50,60
2019-06-07,57,0,0,0,89,77,0,59,58,61,77,57,88,79,85,27,61,64
2019-06-08,100,0,0,30,80,34,0,50,43,54,62,37,54,47,75,44,45,21
2019-06-09,74,0,0,0,84,41,58,37,45,53,59,58,57,60,84,50,70,15
2019-06-10,55,0,0,100,93,87,49,41,61,68,67,62,77,56,91,73,37,44
2019-06-11,62,0,0,25,87,68,49,53,58,61,83,69,85,59,87,53,54,44
2019-06-12,36,0,0,26,100,79,0,71,55,54,70,43,83,58,89,70,43,44
2019-06-13,35,0,0,25,88,90,0,42,79,64,55,45,100,100,85,64,63,36
2019-06-14,70,0,0,26,89,71,0,40,100,61,58,45,85,98,81,80,42,31
2019-06-15,73,0,0,0,79,27,0,38,70,57,65,69,63,87,76,43,49,21
2019-06-16,49,0,0,0,83,31,0,35,66,61,61,37,50,56,86,44,69,21
2019-06-17,70,0,0,25,90,65,0,40,63,54,73,62,95,69,85,74,88,82
2019-06-18,69,0,0,50,90,88,0,46,68,100,74,58,93,85,100,100,100,65
2019-06-19,83,0,0,25,83,90,0,57,77,69,61,100,98,93,89,95,79,51
2019-06-20,49,0,0,26,86,77,100,65,58,67,71,56,89,79,90,43,34,47
2019-06-21,64,0,0,52,84,57,0,39,47,58,70,35,80,52,80,92,52,25
2019-06-22,34,0,0,0,78,37,60,31,44,52,62,46,67,74,78,32,66,19
2019-06-23,50,0,0,31,84,36,0,25,54,68,76,79,52,74,83,45,61,9
2019-06-24,49,0,0,51,89,80,0,39,58,59,69,84,77,82,91,48,60,38
2019-06-25,28,0,0,26,85,75,0,62,66,51,89,64,78,63,83,49,90,69
2019-06-26,77,0,0,25,89,69,0,38,67,54,88,38,81,68,83,64,80,32
2019-06-27,49,0,0,26,85,85,0,58,64,54,64,45,98,94,88,64,55,61
2019-06-28,30,0,0,27,77,65,53,37,56,59,74,30,83,62,79,86,54,35
2019-06-29,51,0,0,0,84,36,0,31,48,44,82,29,65,48,77,13,41,15
2019-06-30,8,0,0,0,77,23,0,50,50,44,65,25,57,38,78,45,35,15
2019-07-01,25,0,0,0,82,100,0,94,88,73,72,51,81,62,91,92,46,25
2019-07-02,19,0,0,86,87,96,0,68,89,71,100,58,89,100,93,54,91,29
2019-07-03,51,0,0,44,79,83,43,74,87,69,75,47,80,72,88,49,37,24
2019-07-04,43,0,0,49,87,40,0,45,64,66,73,53,54,56,89,48,36,17
2019-07-05,43,0,0,0,69,59,48,38,67,61,63,48,72,54,87,48,46,14
2019-07-06,78,0,0,49,79,44,0,25,66,88,59,44,51,56,80,75,36,14
2019-07-07,49,0,0,96,85,36,0,54,76,100,67,43,44,47,92,54,61,18
2019-07-08,55,0,0,84,79,89,0,66,94,78,71,41,82,83,100,100,48,41
2019-07-09,57,0,0,43,81,99,0,73,94,70,79,54,92,84,94,67,55,47
2019-07-10,56,0,0,0,100,93,0,71,82,77,73,35,97,96,94,49,64,37
2019-07-11,25,0,0,0,99,95,0,81,89,59,73,68,86,81,95,60,40,35
2019-07-12,26,100,0,0,86,83,0,52,86,66,67,40,84,52,87,56,89,34
2019-07-13,44,0,0,51,81,48,0,47,51,71,73,68,62,68,82,64,37,14
2019-07-14,45,0,0,0,82,51,0,42,71,66,85,23,50,67,93,43,65,16
2019-07-15,69,0,0,43,87,93,0,73,100,59,83,77,85,82,96,49,86,27
2019-07-16,61,0,0,0,87,99,0,51,86,55,66,67,89,90,97,47,84,28
2019-07-17,49,0,0,85,91,87,0,65,85,57,76,45,90,88,91,48,40,34
2019-07-18,100,0,0,43,88,80,0,60,76,59,63,58,86,78,91,36,64,29
2019-07-19,52,0,0,0,89,88,0,44,82,68,84,56,86,55,87,51,43,19
2019-07-20,36,0,0,0,81,29,0,35,75,72,66,44,57,58,79,49,52,12
2019-07-21,36,0,0,100,77,45,0,38,82,80,74,89,46,82,92,77,42,11
2019-07-22,44,98,0,0,94,76,43,76,92,81,67,39,74,86,100,61,73,34
2019-07-23,38,0,0,0,84,94,0,68,95,63,69,31,98,87,96,61,100,26
2019-07-24,91,0,0,0,86,85,0,88,98,62,74,44,82,61,89,32,57,27
2019-07-25,78,0,0,0,98,86,44,78,69,67,70,100,90,79,92,25,75,35
2019-07-26,40,0,0,46,88,71,0,54,73,54,83,57,85,62,88,39,53,35
2019-07-27,60,0,0,0,80,33,0,42,63,63,76,32,64,55,82,22,70,29
2019-07-28,15,0,0,0,79,31,100,49,74,63,74,41,50,37,83,36,43,29
2019-07-29,32,0,0,44,90,71,0,100,93,72,71,60,100,96,86,19,47,100
2019-07-30,32,0,0,88,85,80,0,72,67,55,81,35,90,81,87,68,65,63
2019-07-31,63,0,0,87,84,76,0,82,78,55,67,74,96,83,90,31,96,47
2019-08-01,67,0,0,25,85,62,51,7,76,38,72,26,76,66,95,30,73,100
2019-08-02,64,0,0,26,78,61,0,6,64,46,68,22,84,77,88,29,48,61
2019-08-03,47,0,0,86,85,25,0,5,92,55,74,20,62,48,85,25,37,32
2019-08-04,86,0,0,29,86,30,0,7,83,100,71,29,54,73,91,21,48,25
2019-08-05,41,0,0,25,85,64,0,9,100,94,80,31,75,68,99,12,69,52
2019-08-06,61,0,0,25,93,67,51,9,80,87,80,40,83,91,97,30,82,73
2019-08-07,54,0,0,100,82,65,0,11,67,69,77,40,97,62,93,27,73,55
2019-08-08,89,0,0,25,83,71,51,8,81,57,76,53,91,80,89,37,46,43
2019-08-09,61,0,0,25,98,61,0,8,60,61,66,25,78,78,88,15,77,73
2019-08-10,86,0,0,57,83,27,0,5,64,62,84,31,56,66,80,14,47,18
2019-08-11,78,0,0,29,91,28,0,6,56,71,83,30,53,45,93,17,42,35
2019-08-12,47,0,0,50,89,81,0,11,76,59,82,28,86,73,95,27,100,82
2019-08-13,73,0,0,49,86,83,100,13,90,53,94,50,98,90,100,24,45,72
2019-08-14,77,0,0,24,100,66,48,98,90,53,79,64,88,78,95,26,69,63
2019-08-15,33,0,0,24,91,67,0,100,78,55,86,54,90,74,91,18,53,77
2019-08-16,93,0,0,24,82,62,0,34,85,49,64,61,87,71,88,33,71,81
2019-08-17,55,0,0,29,96,34,0,31,51,49,100,28,71,61,91,24,63,49
2019-08-18,100,0,0,0,92,27,0,28,65,57,83,28,52,37,87,21,57,31
2019-08-19,71,0,0,0,88,80,49,42,75,55,89,49,89,70,98,35,43,67
2019-08-20,71,0,0,0,98,79,0,34,94,45,67,54,100,100,93,29,100,90
2019-08-21,26,0,0,72,91,68,0,33,71,49,71,58,87,81,94,47,87,91
2019-08-22,46,0,0,24,85,76,0,30,81,39,91,85,86,76,88,53,66,77
2019-08-23,39,0,0,24,85,77,0,20,80,46,69,68,80,78,85,26,70,50
2019-08-24,46,0,0,28,85,46,0,20,65,55,77,34,56,44,78,27,51,34
2019-08-25,68,0,0,28,91,34,0,20,59,51,88,34,59,36,85,47,31,31
2019-08-26,13,0,0,0,84,80,0,20,92,45,83,45,90,62,93,40,65,63
2019-08-27,44,100,0,0,96,100,0,22,85,49,69,67,94,81,87,54,85,54
2019-08-28,83,0,0,47,89,85,0,21,83,55,80,100,86,84,89,100,60,63
2019-08-29,32,0,0,24,92,67,0,15,77,53,76,52,94,81,89,57,43,63
2019-08-30,70,0,0,0,88,65,0,10,79,51,67,62,87,71,85,42,51,71
2019-08-31,73,0,0,27,81,33,0,8,58,48,73,41,63,44,76,13,25,30
2019-09-01,53,0,0,0,67,25,0,47,44,57,66,30,40,22,79,19,46,10
2019-09-02,55,0,0,22,71,25,0,68,59,78,55,52,41,38,89,37,28,12
2019-09-03,54,0,0,0,67,45,33,92,73,67,100,67,69,82,88,52,57,49
2019-09-04,59,0,0,0,72,66,33,96,77,65,67,56,80,73,91,54,100,76
2019-09-05,64,0,0,0,70,55,0,69,80,68,81,69,76,79,83,57,47,74
2019-09-06,32,0,0,0,63,85,100,100,70,75,68,83,73,66,84,52,46,82
2019-09-07,37,0,0,0,66,54,0,39,48,76,69,45,49,57,77,31,46,16
2019-09-08,21,0,0,23,69,45,0,51,52,67,82,38,45,41,84,33,42,19
2019-09-09,80,0,0,20,71,81,0,60,69,60,62,46,74,61,86,72,67,65
2019-09-10,45,0,0,40,74,84,0,90,80,78,69,100,100,86,89,45,50,74
2019-09-11,36,83,0,40,87,81,0,86,83,100,79,74,88,79,86,69,72,57
2019-09-12,54,0,0,39,76,64,0,82,86,98,91,75,81,86,85,59,50,100
2019-09-13,32,83,0,20,76,61,0,57,64,79,62,99,64,60,87,34,40,50
2019-09-14,11,100,0,72,78,33,40,57,51,72,72,42,52,46,83,17,61,33
2019-09-15,37,0,0,46,89,35,39,46,61,60,52,25,47,36,87,30,50,28
2019-09-16,31,0,0,20,93,72,0,80,80,72,63,75,85,78,89,75,74,62
2019-09-17,49,0,0,19,93,73,0,84,81,63,78,71,86,64,87,60,56,51
2019-09-18,80,0,0,78,88,72,0,82,83,77,89,66,86,80,88,56,67,65
2019-09-19,100,0,0,20,79,63,0,69,100,65,73,78,88,86,88,74,43,80
2019-09-20,55,0,0,20,99,62,0,66,76,78,75,89,85,71,87,58,48,61
2019-09-21,43,0,0,24,99,36,0,40,59,73,75,58,54,49,80,11,68,19
2019-09-22,16,0,0,0,100,29,0,58,68,69,55,34,53,49,81,53,29,38
2019-09-23,26,0,0,0,97,64,0,62,89,55,69,74,89,91,100,78,59,40
2019-09-24,59,0,0,20,90,100,33,83,93,68,53,60,95,82,90,85,68,55
2019-09-25,54,0,0,39,92,67,0,68,94,64,77,81,95,87,87,77,60,43
2019-09-26,51,0,0,20,89,68,0,57,89,57,73,98,93,100,85,78,62,84
2019-09-27,47,0,0,21,78,73,0,55,80,71,76,69,91,70,88,68,52,73
2019-09-28,67,0,0,0,85,48,0,36,73,60,46,42,62,56,79,44,57,20
2019-09-29,49,0,0,24,100,41,0,28,64,61,77,54,52,55,84,54,43,33
2019-09-30,91,0,0,100,87,72,0,54,90,58,66,56,84,59,86,100,40,74
2019-10-01,56,0,0,34,100,89,0,65,79,91,96,79,99,79,97,70,55,65
2019-10-02,45,0,0,0,89,85,82,100,89,98,92,63,86,85,100,79,69,64
2019-10-03,56,0,0,67,89,85,84,92,80,92,100,97,82,56,97,75,81,70
2019-10-04,53,0,0,35,83,77,0,59,73,75,91,100,86,73,91,75,45,78
2019-10-05,67,0,0,40,91,27,100,29,59,83,83,59,48,50,89,35,35,35
2019-10-06,48,0,0,40,86,36,0,48,59,95,67,75,50,58,81,51,43,29
2019-10-07,66,0,0,33,89,81,83,77,73,99,90,98,85,94,96,64,51,88
2019-10-08,67,0,0,67,90,84,84,62,81,83,98,93,100,85,92,75,70,71
2019-10-09,47,100,0,34,85,79,0,65,77,84,88,57,94,100,93,87,71,58
2019-10-10,51,0,0,34,84,100,84,50,99,81,93,89,93,81,94,91,55,49
2019-10-11,52,0,0,34,77,57,0,56,75,77,88,70,83,81,95,47,41,75
2019-10-12,43,0,0,40,73,36,0,35,64,68,96,35,68,63,82,39,35,29
2019-10-13,78,0,0,0,76,40,0,49,66,68,70,58,55,51,89,47,30,22
2019-10-14,82,0,0,68,88,66,0,64,99,81,88,52,78,88,91,68,37,87
2019-10-15,71,0,0,33,81,77,83,54,83,97,83,77,96,81,91,85,65,96
2019-10-16,66,98,0,100,84,66,0,76,100,96,72,68,92,91,89,96,37,83
2019-10-17,62,0,0,0,82,81,0,48,98,78,87,83,97,79,93,100,59,49
2019-10-18,78,0,0,34,76,71,0,56,71,100,79,78,86,64,89,38,41,66
2019-10-19,49,0,0,0,73,40,0,37,48,76,74,42,63,44,77,35,44,35
2019-10-20,46,0,0,0,70,39,0,53,59,75,70,56,46,43,85,55,42,18
2019-10-21,74,0,0,0,82,71,0,58,92,79,96,42,86,83,99,78,78,65
2019-10-22,97,0,0,32,80,70,79,66,90,86,70,80,90,91,92,99,66,56
2019-10-23,79,0,0,0,81,88,0,57,86,83,93,86,81,66,89,70,57,81
2019-10-24,70,0,0,0,79,73,82,55,85,85,70,71,84,72,92,95,90,61
2019-10-25,42,0,0,0,72,64,0,47,80,81,67,77,74,83,85,89,46,70
2019-10-26,42,0,0,79,72,40,0,27,54,72,89,37,54,49,81,44,17,29
2019-10-27,71,0,0,0,66,32,0,35,59,90,73,34,41,60,83,56,21,25
2019-10-28,64,95,0,0,80,67,0,78,84,85,88,54,78,78,87,78,50,71
2019-10-29,100,0,0,33,91,71,0,63,79,91,93,57,88,90,90,81,65,90
2019-10-30,84,0,0,33,82,73,0,64,81,87,81,78,88,78,87,47,50,100
2019-10-31,67,0,0,0,79,78,84,63,66,83,70,44,76,71,81,94,100,71
2019-11-01,35,0,0,0,73,66,0,86,66,75,78,20,77,59,83,51,45,61
2019-11-02,34,0,0,0,67,43,0,52,54,73,67,22,48,54,77,52,63,53
2019-11-03,49,0,0,0,76,55,0,58,53,79,62,7,52,51,85,39,34,47
2019-11-04,66,0,0,20,86,91,0,100,92,73,85,17,87,85,97,87,40,65
2019-11-05,51,0,0,39,74,87,0,72,93,76,87,17,97,91,96,83,26,100
2019-11-06,79,0,0,20,84,74,87,82,87,85,84,22,100,83,94,100,52,60
2019-11-07,37,0,0,20,78,68,88,60,91,77,98,21,83,91,93,70,59,74
2019-11-08,89,0,0,80,73,68,0,68,74,74,84,25,76,73,86,53,49,78
2019-11-09,54,0,0,23,62,43,0,38,52,67,84,12,56,57,76,34,61,35
2019-11-10,85,0,0,0,75,36,0,62,58,76,40,6,59,42,84,25,52,19
2019-11-11,84,0,0,20,75,68,0,73,93,73,69,11,71,100,91,63,62,95
2019-11-12,58,0,0,19,77,65,0,72,88,78,77,19,86,79,91,79,76,97
2019-11-13,73,0,0,39,77,69,0,76,92,79,89,24,94,83,87,76,100,90
2019-11-14,82,0,0,58,77,68,0,81,84,100,73,29,83,93,91,68,42,83
2019-11-15,74,0,0,0,77,71,0,73,70,75,100,24,91,97,83,59,52,83
2019-11-16,16,0,0,0,80,43,0,56,68,57,74,15,64,57,84,25,53,75
2019-11-17,91,0,0,91,88,42,0,45,55,70,83,13,47,60,84,36,49,31
2019-11-18,100,0,0,58,83,79,0,77,100,78,81,28,88,84,99,89,73,95
2019-11-19,70,0,0,59,85,80,0,91,96,82,89,24,83,94,91,72,42,91
2019-11-20,71,0,0,100,81,76,0,80,92,77,84,27,92,73,92,63,46,78
2019-11-21,80,0,0,20,75,81,0,70,88,83,59,37,82,74,86,75,66,85
2019-11-22,71,0,0,80,71,67,0,60,83,65,66,30,73,63,92,46,26,85
2019-11-23,90,0,0,23,75,59,100,41,61,59,45,17,51,56,86,25,71,35
2019-11-24,49,0,0,0,84,39,0,34,64,68,63,5,49,53,87,28,53,35
2019-11-25,84,100,0,0,75,79,0,81,82,82,74,16,78,82,92,50,39,64
2019-11-26,82,0,0,82,77,100,0,65,72,69,80,100,78,80,96,37,61,59
2019-11-27,50,0,0,0,77,84,0,53,63,71,97,41,64,55,96,15,39,47
2019-11-28,54,0,0,69,73,40,0,52,60,58,70,8,48,37,80,6,27,27
2019-11-29,81,0,0,43,92,38,0,29,48,53,48,4,42,47,93,13,43,44
2019-11-30,68,0,0,0,100,33,0,20,47,66,95,9,43,43,100,35,44,23
2019-12-01,47,0,0,0,74,48,0,54,26,81,70,22,49,59,87,37,78,31
2019-12-02,67,0,0,0,72,84,40,74,40,83,75,45,78,79,89,63,59,86
2019-12-03,62,0,0,12,73,100,0,100,42,100,67,64,83,82,100,100,81,79
2019-12-04,59,0,0,24,68,87,84,75,49,79,100,50,83,86,82,98,69,90
2019-12-05,52,0,0,24,69,85,42,60,41,93,80,79,91,92,81,92,69,76
2019-12-06,35,0,0,49,63,94,0,87,40,81,68,49,93,90,73,75,62,63
2019-12-07,37,0,0,72,55,47,100,50,31,82,59,53,69,61,71,32,73,57
2019-12-08,61,0,0,0,64,51,0,63,43,99,57,37,57,44,72,65,71,28
2019-12-09,46,0,0,25,67,94,43,76,96,92,63,40,92,90,80,90,41,73
2019-12-10,40,0,0,50,65,85,0,85,100,86,66,81,83,88,81,86,63,79
2019-12-11,56,0,0,61,69,81,0,64,96,97,91,82,86,97,82,74,73,100
2019-12-12,68,0,0,12,60,85,0,88,72,95,64,100,82,80,79,51,100,67
2019-12-13,85,0,0,25,63,78,0,71,51,89,75,68,82,78,77,60,91,98
2019-12-14,58,0,0,0,57,52,0,43,42,83,56,33,58,51,76,25,77,66
2019-12-15,62,0,0,14,67,44,0,44,37,72,55,31,56,59,77,49,53,37
2019-12-16,49,0,0,24,63,68,0,77,39,75,73,43,78,63,81,80,73,83
2019-12-17,57,0,0,25,64,77,0,88,35,80,85,43,100,100,80,78,87,77
2019-12-18,79,0,0,12,64,95,43,47,30,75,83,42,85,78,77,64,63,85
2019-12-19,50,0,0,12,51,89,43,83,32,76,73,77,77,89,78,67,59,64
2019-12-20,46,0,0,66,53,74,0,54,25,67,75,40,69,58,76,48,40,75
2019-12-21,52,0,0,30,57,41,0,41,18,77,47,39,61,47,74,11,70,38
2019-12-22,35,0,0,15,61,37,0,41,21,64,57,13,40,52,72,18,45,26
2019-12-23,51,100,0,41,56,67,0,35,21,67,66,34,64,56,78,36,37,58
2019-12-24,54,0,0,43,48,39,0,41,19,64,52,24,55,51,67,4,53,49
2019-12-25,100,0,0,33,97,22,57,47,22,77,59,12,46,43,67,16,78,28
2019-12-26,53,0,0,100,100,48,0,45,24,90,92,18,61,46,81,21,48,45
2019-12-27,94,0,0,54,76,65,94,45,22,92,72,20,74,70,84,33,50,54
2019-12-28,59,0,0,59,64,32,0,40,18,91,49,20,61,85,80,21,59,25
2019-12-29,40,0,0,28,61,38,48,38,17,90,77,31,48,77,79,17,28,48
2019-12-30,56,0,0,65,56,62,45,59,22,93,72,34,69,65,86,19,31,45
2019-12-31,47,0,0,69,55,65,0,54,23,95,90,21,63,77,78,17,51,51
2020-01-01,12,0,0,0,45,9,0,57,23,52,73,16,35,25,75,26,34,36
2020-01-02,11,0,0,0,50,23,0,78,31,43,59,15,64,49,96,39,75,55
2020-01-03,10,0,0,0,55,22,0,68,34,41,68,19,61,47,92,51,33,70
2020-01-04,8,0,0,0,52,10,0,48,35,43,62,23,49,58,93,38,28,28
2020-01-05,14,0,0,0,56,11,0,61,34,36,62,36,50,51,92,38,40,28
2020-01-06,10,0,0,0,50,24,100,78,45,41,69,24,68,48,93,43,57,46
2020-01-07,4,0,0,0,50,23,0,96,42,41,81,32,77,67,100,31,100,52
2020-01-08,11,0,0,0,53,27,0,77,49,52,81,39,74,65,93,70,49,86
2020-01-09,5,0,0,0,56,29,0,100,38,42,71,51,75,61,88,86,50,82
2020-01-10,7,0,0,0,53,21,0,97,40,40,77,75,68,81,86,39,35,40
2020-01-11,8,0,0,0,52,15,0,56,33,45,68,34,54,54,91,49,52,49
2020-01-12,6,100,0,0,52,10,37,51,32,36,38,16,47,46,92,42,32,27
2020-01-13,5,0,0,0,56,26,0,69,39,32,76,32,75,92,98,51,84,52
2020-01-14,12,0,0,0,53,23,0,82,48,34,67,38,84,100,92,93,49,63
2020-01-15,14,0,0,0,50,27,31,96,100,38,76,45,80,69,88,78,50,82
2020-01-16,9,0,0,0,49,23,0,91,66,33,74,46,70,69,94,77,61,94
2020-01-17,11,0,0,1,52,30,0,78,47,40,66,62,71,72,92,56,32,74
2020-01-18,8,0,0,1,53,16,37,48,38,39,53,23,54,55,91,28,47,30
2020-01-19,17,0,0,1,47,17,37,45,30,34,50,30,42,30,86,41,59,33
2020-01-20,10,0,0,4,50,24,0,71,40,36,58,22,60,65,91,19,55,50
2020-01-21,22,0,0,23,51,55,0,91,43,44,100,36,80,75,97,49,60,51
2020-01-22,30,0,0,28,57,52,0,94,39,44,78,46,79,78,94,54,58,53
2020-01-23,61,0,0,34,59,52,32,97,38,50,75,94,79,64,96,81,55,66
2020-01-24,90,0,0,69,61,57,0,79,34,47,77,100,90,72,93,63,52,58
2020-01-25,100,0,0,76,65,44,0,63,25,56,50,63,76,61,88,39,57,25
2020-01-26,100,0,0,86,68,52,35,64,24,83,65,42,56,56,85,42,41,40
2020-01-27,98,0,0,94,88,75,61,72,34,100,64,66,75,85,91,85,45,87
2020-01-28,89,0,0,99,93,100,97,94,32,84,63,74,91,73,100,69,48,100
2020-01-29,73,0,0,96,99,84,0,100,33,82,78,67,83,66,92,100,76,93
2020-01-30,89,0,0,100,100,85,100,90,39,88,58,90,100,76,89,65,60,79
2020-01-31,91,0,0,96,98,79,99,77,29,83,63,91,98,68,95,58,77,56
2020-02-01,15,0,0,45,55,16,8,16,44,52,34,44,49,61,67,30,47,19
2020-02-02,19,0,0,38,45,15,5,16,55,51,38,23,37,46,58,41,58,17
2020-02-03,30,0,0,32,51,16,7,26,67,45,44,40,52,60,59,74,34,30
2020-02-04,21,0,0,30,44,18,7,19,73,49,43,46,46,53,62,95,67,75
2020-02-05,13,0,0,28,49,15,3,31,87,43,40,45,54,55,61,99,58,50
2020-02-06,12,0,0,30,45,16,0,36,83,48,38,32,52,54,60,96,47,60
2020-02-07,13,0,0,32,45,17,0,28,82,48,38,56,49,60,61,57,52,49
2020-02-08,10,0,0,29,43,13,3,17,53,47,33,20,37,50,61,29,27,29
2020-02-09,14,0,0,26,43,11,0,22,67,52,38,35,32,41,62,54,36,24
2020-02-10,9,0,0,25,42,15,4,31,82,50,41,45,44,65,63,69,43,48
2020-02-11,10,4,10,26,46,15,3,26,85,47,39,34,49,63,63,84,56,64
2020-02-12,8,10,16,22,42,16,8,31,74,43,42,49,51,72,62,52,100,53
2020-02-13,9,12,20,25,47,17,1,29,81,49,44,38,57,71,61,65,74,51
2020-02-14,7,14,24,20,40,14,4,22,76,42,33,29,49,64,58,65,56,58
2020-02-15,7,11,15,19,37,9,0,24,57,49,30,26,42,50,58,50,59,34
2020-02-16,7,9,18,18,39,9,2,18,64,45,32,23,40,45,62,42,67,29
2020-02-17,6,11,18,19,39,12,7,30,82,42,33,24,46,56,65,100,67,45
2020-02-18,7,12,19,19,39,15,4,37,86,46,38,35,47,54,63,80,68,36
2020-02-19,5,10,18,17,42,13,0,26,79,46,46,39,52,77,61,81,72,44
2020-02-20,6,13,19,15,43,12,1,37,97,40,33,35,46,61,63,98,82,54
2020-02-21,6,14,15,16,40,17,0,22,83,41,42,31,46,61,61,59,79,51
2020-02-22,17,18,19,19,41,13,3,20,61,41,28,29,44,59,61,37,81,26
2020-02-23,21,24,27,23,46,13,8,25,62,43,41,45,36,50,68,63,35,35
2020-02-24,49,37,43,35,60,22,4,50,100,50,50,65,56,54,78,95,72,54
2020-02-25,80,44,54,53,74,64,9,54,100,66,51,69,80,83,81,87,61,51
2020-02-26,100,77,72,78,89,100,23,37,84,88,54,71,86,91,81,77,63,79
2020-02-27,81,90,81,93,96,90,39,75,96,93,56,100,100,89,83,74,32,100
2020-02-28,72,81,100,91,100,80,62,100,84,89,57,79,99,100,78,52,53,65
2020-02-29,61,100,92,100,95,59,100,45,53,100,100,45,80,59,100,48,53,40
2020-03-01,8,4,5,18,10,12,2,8,32,20,25,1,28,48,31,0,93,28
2020-03-02,11,6,9,26,15,21,2,12,50,36,24,1,44,76,33,0,69,80
2020-03-03,9,6,9,25,14,20,3,9,55,36,26,1,40,75,31,0,72,89
2020-03-04,7,6,11,23,14,19,2,9,50,32,24,1,40,71,29,0,76,56
2020-03-05,8,8,14,28,17,22,1,11,55,32,25,1,42,70,30,0,100,59
2020-03-06,7,9,16,30,18,24,3,9,47,31,19,1,38,62,30,0,83,87
2020-03-07,8,10,14,31,20,23,1,9,28,40,16,1,34,64,27,0,57,38
2020-03-08,7,9,14,30,20,18,6,8,38,29,17,2,31,68,28,0,66,29
2020-03-09,12,13,25,38,25,30,5,43,50,36,25,4,43,80,36,0,95,74
2020-03-10,13,18,26,45,31,33,4,27,54,42,25,5,47,85,35,1,60,60
2020-03-11,100,25,38,55,42,42,10,26,53,55,31,4,51,76,40,1,95,58
2020-03-12,96,45,61,97,69,63,17,45,70,90,79,8,76,91,100,1,71,98
2020-03-13,61,51,69,88,73,63,23,37,74,85,55,11,78,80,55,1,86,91
2020-03-14,49,50,58,80,78,52,13,26,56,78,72,12,68,90,62,1,62,55
2020-03-15,39,57,67,100,86,54,35,31,53,82,78,17,68,75,48,1,55,42
2020-03-16,41,72,96,97,86,100,22,88,78,83,100,44,100,99,49,1,68,65
2020-03-17,41,76,96,87,86,65,18,100,87,79,88,38,85,95,36,11,64,95
2020-03-18,39,77,92,80,87,57,13,60,88,70,71,32,75,90,30,27,52,80
2020-03-19,38,85,91,77,85,54,18,57,100,78,67,33,76,100,31,29,65,100
2020-03-20,36,92,93,76,88,50,37,42,82,81,82,100,61,73,32,29,46,63
2020-03-21,36,83,83,73,91,42,55,35,75,83,63,56,51,90,25,25,33,35
2020-03-22,37,90,89,76,100,41,37,33,73,86,65,57,49,62,23,27,48,46
2020-03-23,30,97,100,71,86,42,64,31,76,74,69,65,53,65,22,38,71,78
2020-03-24,28,91,88,63,85,35,100,28,84,79,49,47,51,76,21,44,51,87
2020-03-25,25,92,90,59,83,34,38,22,83,80,40,33,43,77,19,100,82,59
2020-03-26,28,94,100,60,91,34,34,26,76,85,33,25,45,74,18,80,60,50
2020-03-27,29,96,99,57,94,32,37,23,73,79,34,20,49,62,16,66,61,73
2020-03-28,29,97,88,59,91,28,30,23,64,82,37,20,43,50,18,61,63,32
2020-03-29,30,93,91,55,87,29,53,16,61,100,34,15,44,44,21,42,90,31
2020-03-30,28,100,98,51,77,27,31,17,76,92,46,22,48,62,22,40,81,62
2020-03-31,26,94,89,48,71,28,31,15,75,88,44,15,45,70,19,38,89,67
2020-04-01,93,100,98,81,100,90,24,79,89,100,98,100,82,49,97,17,61,27
2020-04-02,86,96,100,77,93,80,40,91,100,84,89,97,100,57,100,18,58,30
2020-04-03,94,95,100,93,90,93,36,100,87,80,76,81,96,54,93,16,62,32
2020-04-04,93,93,87,97,97,100,36,73,67,90,74,65,94,54,85,12,54,18
2020-04-05,100,93,83,100,98,82,30,77,72,97,62,52,90,62,86,13,39,15
2020-04-06,86,96,90,95,88,80,34,80,78,86,61,51,82,55,88,17,71,33
2020-04-07,83,87,87,92,80,68,24,59,82,77,60,42,89,56,90,19,55,32
2020-04-08,76,84,78,85,76,64,27,75,83,82,63,44,73,72,82,20,75,30
2020-04-09,75,78,74,82,71,62,28,70,87,74,57,39,73,68,83,26,71,59
2020-04-10,73,77,72,81,67,59,24,61,72,75,68,41,82,69,91,31,58,48
2020-04-11,65,72,69,59,68,45,18,43,62,80,71,46,75,58,81,30,43,20
2020-04-12,58,65,57,49,67,41,24,48,53,77,50,36,67,47,78,24,76,25
2020-04-13,65,73,67,69,63,52,100,51,67,74,54,46,80,72,87,47,45,35
2020-04-14,63,68,61,73,56,44,37,67,75,62,57,44,74,74,84,51,70,31
2020-04-15,66,66,59,70,55,43,24,65,75,63,64,38,76,66,83,100,74,33
2020-04-16,69,70,62,66,55,45,20,56,78,65,69,44,78,71,81,73,85,32
2020-04-17,67,67,59,71,57,43,22,62,67,68,75,42,73,62,86,52,60,37
2020-04-18,61,60,51,71,53,34,16,43,54,69,66,38,63,72,83,39,94,19
2020-04-19,59,61,52,49,55,32,16,38,62,69,69,43,66,70,89,27,61,18
2020-04-20,64,66,55,59,52,40,17,55,75,59,85,49,69,74,88,33,56,31
2020-04-21,61,64,52,63,50,43,18,56,68,55,82,39,70,59,89,34,53,28
2020-04-22,69,65,51,44,48,49,23,40,71,58,72,38,89,84,85,33,43,33
2020-04-23,62,66,51,56,46,44,16,55,68,54,75,42,80,74,88,31,62,37
2020-04-24,58,58,46,57,42,36,17,40,69,53,82,36,74,82,81,29,88,25
2020-04-25,53,53,41,39,42,29,13,39,53,53,76,36,66,100,75,24,79,20
2020-04-26,52,53,44,33,47,29,46,33,51,55,75,42,76,84,83,24,38,12
2020-04-27,59,65,47,32,47,39,28,46,67,49,100,45,69,70,86,30,47,31
2020-04-28,61,64,47,32,42,39,21,43,68,54,90,41,79,82,86,27,60,62
2020-04-29,58,60,48,31,41,39,26,47,65,59,90,35,100,71,86,27,100,100
2020-04-30,60,57,43,28,40,36,21,55,69,55,93,38,93,68,89,26,52,69
2020-05-01,67,93,78,96,86,33,25,96,77,70,85,80,59,53,82,71,77,31
2020-05-02,60,89,72,98,94,36,35,67,61,77,91,72,49,58,78,60,53,22
2020-05-03,61,95,74,100,100,56,25,79,55,100,89,63,56,55,84,51,42,20
2020-05-04,67,96,81,94,92,55,19,78,76,92,88,61,60,68,91,65,68,45
2020-05-05,65,95,81,93,88,39,31,80,80,80,81,51,62,53,85,70,73,93
2020-05-06,78,95,76,92,82,36,64,88,72,70,81,52,73,72,93,63,63,100
2020-05-07,100,96,80,88,80,37,100,78,72,68,83,46,71,100,88,57,46,65
2020-05-08,81,91,80,79,79,34,42,100,77,61,82,45,57,65,86,53,52,44
2020-05-09,67,85,100,83,80,23,27,69,57,67,77,44,49,52,81,50,44,24
2020-05-10,63,80,81,83,83,22,52,60,48,71,67,41,50,43,81,38,54,19
2020-05-11,68,100,87,89,89,32,31,90,69,68,95,50,57,57,96,56,83,45
2020-05-12,72,97,80,84,80,33,100,81,74,63,82,60,58,63,93,69,64,41
2020-05-13,73,96,82,84,84,32,66,68,58,62,93,69,59,59,96,77,65,40
2020-05-14,74,96,78,79,79,32,45,82,68,63,82,58,61,64,93,56,81,37
2020-05-15,71,91,80,77,75,37,28,81,64,62,84,100,74,64,94,72,50,32
2020-05-16,67,85,65,77,78,23,20,83,45,61,89,77,57,57,83,100,42,18
2020-05-17,67,83,64,77,80,22,19,56,47,71,80,61,57,45,93,62,58,17
2020-05-18,72,96,73,77,76,31,14,67,68,61,80,52,100,70,95,65,60,49
2020-05-19,64,90,71,70,75,27,12,93,62,55,84,55,82,67,100,76,75,44
2020-05-20,65,88,72,64,73,51,11,55,67,54,85,41,59,58,97,66,78,46
2020-05-21,65,89,75,64,71,100,14,56,88,54,100,48,55,53,91,54,88,37
2020-05-22,61,82,64,57,66,52,20,63,87,51,84,38,53,50,97,45,90,28
2020-05-23,55,75,60,58,70,33,23,38,69,55,89,33,50,38,93,41,76,25
2020-05-24,62,75,58,60,72,28,18,46,69,71,79,32,45,40,91,35,82,13
2020-05-25,58,78,60,62,75,30,13,41,90,65,78,33,44,36,96,37,90,20
2020-05-26,60,90,67,62,74,36,11,49,100,66,82,36,58,54,97,47,44,37
2020-05-27,62,82,60,58,68,39,14,46,100,64,77,28,48,53,95,47,82,39
2020-05-28,59,78,64,54,66,34,14,48,87,62,70,29,48,38,93,45,100,34
2020-05-29,51,74,59,49,61,30,12,57,83,48,83,29,41,33,88,40,89,44
2020-05-30,48,64,48,47,61,18,9,33,70,42,77,50,38,35,82,30,71,27
2020-05-31,45,58,44,44,60,17,7,24,69,46,59,48,29,27,86,26,75,21
2020-06-01,83,48,49,67,28,72,20,21,97,76,43,100,54,68,61,100,55,76
2020-06-02,80,47,48,64,29,73,22,18,95,83,46,58,56,78,57,95,37,85
2020-06-03,71,45,50,63,29,68,33,19,85,82,40,44,66,71,57,90,66,100
2020-06-04,67,48,58,63,30,74,39,20,86,73,46,38,61,72,62,88,62,66
2020-06-05,74,47,57,65,30,65,30,20,91,78,43,38,58,73,60,81,57,74
2020-06-06,63,43,49,60,29,52,27,16,76,77,37,32,45,54,60,67,75,33
2020-06-07,59,43,50,63,29,52,26,16,90,78,39,39,48,48,66,61,72,26
2020-06-08,83,51,66,65,32,75,25,71,84,68,52,38,62,82,68,77,42,81
2020-06-09,68,52,70,65,32,81,35,100,80,69,54,33,58,79,70,76,49,61
2020-06-10,68,52,72,64,32,85,54,54,100,72,51,33,64,77,68,70,55,57
2020-06-11,64,52,72,68,34,73,38,30,89,66,51,33,64,96,69,66,50,61
2020-06-12,67,55,73,68,34,69,19,24,80,61,47,41,70,89,62,64,84,56
2020-06-13,57,48,64,66,31,56,30,18,77,65,45,36,59,74,65,54,83,33
2020-06-14,63,47,61,66,32,55,27,20,81,73,43,40,63,71,68,50,91,25
2020-06-15,76,63,76,71,36,74,28,20,80,66,51,45,75,68,70,64,65,58
2020-06-16,66,63,75,68,32,68,23,17,87,67,50,40,89,95,70,66,74,67
2020-06-17,71,66,76,69,36,69,39,16,91,66,50,34,83,79,70,68,91,55
2020-06-18,63,65,80,69,37,69,52,18,76,67,49,30,70,71,71,61,64,55
2020-06-19,62,72,82,72,36,59,60,19,78,72,46,40,72,84,62,56,59,47
2020-06-20,56,63,85,73,37,51,51,16,66,73,42,31,68,75,67,46,70,27
2020-06-21,52,59,81,69,36,44,21,12,66,71,45,25,60,52,64,40,62,34
2020-06-22,74,74,92,76,73,72,28,16,73,74,54,30,76,72,72,59,68,58
2020-06-23,74,77,81,77,100,72,79,18,71,71,65,32,80,92,72,98,68,72
2020-06-24,70,87,87,83,63,81,60,14,70,74,91,31,96,85,98,91,65,66
2020-06-25,76,92,91,93,56,94,45,18,62,86,100,40,93,98,100,82,72,42
2020-06-26,76,100,100,100,59,98,49,20,60,100,83,47,82,78,84,73,59,45
2020-06-27,68,88,83,96,56,67,35,11,58,80,74,43,78,60,79,59,70,21
2020-06-28,73,87,79,94,51,68,28,14,67,94,67,41,73,96,85,52,64,32
2020-06-29,86,97,89,95,48,88,38,12,60,87,78,54,94,100,86,69,100,60
2020-06-30,100,100,86,99,49,100,100,17,66,90,100,57,100,62,99,68,80,85
2020-07-01,98,91,85,97,88,53,27,52,99,66,100,48,51,54,100,34,50,32
2020-07-02,84,91,85,97,90,50,16,55,100,68,89,46,44,50,90,34,33,26
2020-07-03,75,81,78,94,85,43,13,68,84,67,84,35,39,61,86,28,50,6
2020-07-04,61,71,74,88,80,30,11,49,76,67,58,32,39,47,75,24,39,6
2020-07-05,79,71,72,87,86,33,9,55,77,72,67,26,42,50,82,24,48,4
2020-07-06,83,90,89,93,85,52,11,56,85,75,69,40,45,45,90,31,60,9
2020-07-07,85,93,87,95,82,56,23,61,87,74,78,41,48,70,88,35,78,12
2020-07-08,93,91,91,91,82,67,18,67,89,81,73,38,56,79,87,35,79,8
2020-07-09,95,88,82,89,80,65,16,64,88,81,71,33,50,66,82,32,62,9
2020-07-10,77,86,78,88,78,55,17,58,80,84,61,33,50,74,75,29,52,12
2020-07-11,74,79,75,84,76,44,15,83,80,83,56,42,42,51,78,26,49,7
2020-07-12,85,79,73,90,90,42,18,57,84,84,55,34,49,65,79,26,67,6
2020-07-13,87,97,89,97,89,59,42,81,97,92,83,65,60,95,86,32,72,20
2020-07-14,94,100,87,100,86,68,37,76,96,100,97,100,73,67,93,34,61,13
2020-07-15,100,95,100,86,87,100,39,67,93,85,80,64,100,98,89,33,90,17
2020-07-16,86,94,88,79,85,86,37,45,82,79,71,55,79,81,85,31,86,10
2020-07-17,84,91,85,76,80,78,30,49,78,85,56,42,64,89,79,30,52,8
2020-07-18,72,78,82,75,78,57,28,43,88,82,51,28,49,67,80,26,47,5
2020-07-19,90,73,74,72,77,50,27,52,73,83,46,28,47,59,77,26,63,4
2020-07-20,96,84,93,72,83,60,20,75,83,75,66,41,81,83,88,47,77,17
2020-07-21,87,84,85,72,100,55,21,56,87,74,68,35,76,96,92,56,59,15
2020-07-22,83,79,80,68,95,59,20,48,82,71,71,28,75,89,89,51,88,100
2020-07-23,85,75,75,65,86,60,36,61,79,68,65,27,61,91,83,74,90,65
2020-07-24,80,73,77,62,76,61,100,72,87,66,65,22,55,71,81,84,59,26
2020-07-25,72,65,63,58,70,41,56,40,72,70,59,22,38,67,81,52,54,11
2020-07-26,76,63,65,60,69,36,28,52,63,68,50,24,40,68,82,53,71,9
2020-07-27,88,80,78,65,72,54,24,61,89,68,68,27,65,83,90,100,100,23
2020-07-28,84,84,76,62,72,53,49,56,82,68,65,26,68,100,90,97,88,37
2020-07-29,79,81,74,59,70,50,36,61,86,72,65,23,58,96,87,76,81,28
2020-07-30,87,84,71,59,71,47,43,100,91,74,66,20,56,83,83,72,44,19
2020-07-31,75,75,69,57,64,42,55,62,76,61,64,24,57,51,81,63,80,15
2020-08-01,72,86,8,93,89,13,100,62,70,42,84,48,43,48,86,53,38,45
2020-08-02,84,86,8,97,95,14,95,63,78,43,82,62,44,72,95,47,81,36
2020-08-03,89,100,9,100,98,20,52,51,86,43,95,70,50,72,99,66,86,81
2020-08-04,86,94,9,94,100,19,41,56,100,48,94,59,50,61,91,70,98,74
2020-08-05,78,95,100,93,97,23,37,58,93,49,93,51,51,82,91,73,83,77
2020-08-06,76,92,31,90,92,21,45,57,91,42,100,53,53,75,100,77,100,67
2020-08-07,72,85,9,86,87,17,30,44,84,39,94,56,52,58,99,100,95,100
2020-08-08,72,74,7,81,85,12,27,39,71,39,78,52,43,68,89,89,54,42
2020-08-09,79,74,7,84,88,12,20,28,69,38,77,67,44,46,96,70,80,29
2020-08-10,83,91,8,84,91,19,19,56,72,40,86,100,51,79,92,68,88,71
2020-08-11,100,90,8,83,89,19,22,63,82,37,91,76,100,100,97,65,59,74
2020-08-12,84,81,7,79,79,19,18,78,79,35,82,60,71,98,85,52,51,61
2020-08-13,76,83,7,79,76,19,20,100,80,35,74,40,63,82,84,50,69,63
2020-08-14,76,80,7,74,78,18,34,68,81,34,64,45,53,79,79,40,86,55
2020-08-15,60,70,6,70,74,14,31,48,65,34,63,34,46,63,82,34,71,31
2020-08-16,71,71,6,71,75,16,19,44,81,35,58,40,43,61,90,30,68,27
2020-08-17,73,80,7,72,77,18,20,76,82,30,70,47,49,62,85,38,69,51
2020-08-18,73,77,7,69,75,17,18,51,83,34,69,44,49,62,84,39,68,57
2020-08-19,64,76,6,68,74,18,19,57,80,30,65,37,51,78,86,40,86,67
2020-08-20,71,73,6,64,72,16,23,57,92,30,67,48,45,70,84,38,61,65
2020-08-21,66,69,6,61,69,16,19,59,85,30,65,48,47,70,76,31,66,96
2020-08-22,52,64,6,61,71,10,13,60,68,31,60,37,47,66,81,31,21,42
2020-08-23,65,65,6,65,72,13,17,33,78,35,59,32,41,57,83,31,76,35
2020-08-24,62,72,6,61,69,20,13,49,86,28,69,57,48,69,86,32,48,86
2020-08-25,67,70,6,60,73,25,13,58,77,28,71,58,49,62,88,32,77,85
2020-08-26,58,68,6,61,69,29,18,56,100,28,63,55,46,60,81,34,64,58
2020-08-27,56,64,5,55,63,24,19,60,90,31,59,58,41,63,79,28,61,59
2020-08-28,56,65,5,55,70,18,15,42,76,30,54,48,38,63,75,27,84,61
2020-08-29,46,58,5,57,67,13,14,42,66,32,51,39,33,40,76,23,44,46
2020-08-30,62,71,6,63,68,73,14,44,70,83,69,51,36,49,84,22,46,23
2020-08-31,59,82,7,64,70,100,14,55,89,100,73,53,45,56,78,27,79,48
2020-09-01,68,100,93,100,100,100,53,56,83,100,100,66,60,86,90,63,71,45
2020-09-02,75,93,94,93,93,75,68,57,77,68,96,78,71,75,92,65,100,44
2020-09-03,63,93,100,92,90,50,72,89,86,55,92,70,100,99,85,55,48,61
2020-09-04,59,88,85,86,86,39,41,61,85,56,86,73,76,87,82,52,57,54
2020-09-05,54,79,84,84,89,26,46,34,77,53,87,66,59,49,88,47,79,22
2020-09-06,64,76,85,86,90,19,30,43,73,50,83,56,53,64,88,44,49,22
2020-09-07,57,78,89,93,95,24,30,58,64,51,91,72,58,58,93,51,46,24
2020-09-08,70,89,84,90,89,34,34,57,78,44,100,78,77,72,94,80,82,85
2020-09-09,67,90,97,88,89,31,39,76,75,52,95,91,78,82,100,85,73,71
2020-09-10,65,84,88,87,85,30,53,65,90,58,94,84,70,78,90,74,59,49
2020-09-11,63,80,81,83,82,27,78,63,82,65,83,82,57,76,88,64,43,41
2020-09-12,57,76,82,80,80,23,67,53,65,50,75,56,52,61,88,50,36,23
2020-09-13,60,74,78,79,86,21,59,52,75,49,85,66,45,56,90,43,47,51
2020-09-14,65,83,80,83,86,27,50,50,85,46,89,84,56,74,91,58,60,100
2020-09-15,67,82,80,79,83,27,39,54,98,43,90,89,64,63,89,65,60,78
2020-09-16,65,84,95,83,80,32,37,61,100,51,86,77,70,100,92,75,86,58
2020-09-17,67,82,83,82,81,36,44,84,90,50,83,76,72,90,88,68,60,51
2020-09-18,59,81,81,78,85,33,42,45,80,53,88,81,62,76,83,66,50,66
2020-09-19,50,69,73,72,81,19,24,61,56,50,72,47,47,58,82,56,56,32
2020-09-20,59,69,72,75,78,16,28,38,74,49,75,57,42,57,85,50,70,25
2020-09-21,58,84,77,82,86,51,27,60,90,51,88,100,53,83,88,64,51,36
2020-09-22,64,92,87,87,86,53,32,55,90,70,97,96,59,65,96,68,54,42
2020-09-23,63,87,89,86,87,41,83,48,91,64,93,83,65,72,90,67,82,43
2020-09-24,57,81,70,72,78,34,100,84,90,43,85,75,63,84,90,60,77,39
2020-09-25,56,81,75,76,81,31,50,53,80,44,96,79,57,67,83,64,44,43
2020-09-26,48,79,76,77,83,24,38,50,67,47,84,42,46,61,85,55,48,20
2020-09-27,54,73,71,75,79,22,33,49,67,47,90,56,41,46,83,62,58,20
2020-09-28,64,86,82,81,87,32,34,68,91,44,99,82,57,72,95,84,60,47
2020-09-29,62,89,82,80,86,33,31,47,84,50,100,88,55,86,92,91,65,43
2020-09-30,100,83,91,78,75,32,57,100,92,54,99,69,56,65,86,100,70,64
2020-10-01,100,41,70,53,63,75,14,72,80,59,65,23,84,87,91,76,84,39
2020-10-02,64,100,100,100,69,69,32,57,69,72,63,30,83,86,83,89,90,45
2020-10-03,51,74,82,83,68,51,39,70,62,66,55,16,69,69,78,63,73,17
2020-10-04,55,61,64,74,68,45,42,46,51,63,65,25,60,64,86,54,54,10
2020-10-05,48,65,76,65,72,74,24,72,73,67,75,32,83,67,100,71,73,42
2020-10-06,44,62,68,63,67,91,30,72,74,100,77,36,90,88,88,85,89,43
2020-10-07,41,55,75,59,66,85,20,78,85,84,71,23,81,76,83,80,46,40
2020-10-08,44,54,64,57,73,76,22,87,81,80,70,25,80,98,91,61,65,32
2020-10-09,37,51,61,54,72,62,16,68,63,64,60,24,80,79,83,66,67,39
2020-10-10,30,44,55,54,69,40,19,58,56,61,61,21,61,67,73,54,93,21
2020-10-11,39,44,57,54,71,46,33,55,59,70,56,21,64,63,84,46,58,11
2020-10-12,41,47,59,56,70,69,33,56,73,57,67,40,79,70,88,60,65,39
2020-10-13,39,49,62,55,76,85,40,61,80,60,68,32,100,85,85,64,73,40
2020-10-14,35,52,73,60,76,88,26,57,77,63,71,29,87,72,91,61,70,41
2020-10-15,32,53,66,60,83,85,29,64,69,60,81,36,77,69,97,56,61,46
2020-10-16,33,50,64,58,85,71,21,64,61,59,83,26,81,94,87,54,54,100
2020-10-17,30,46,50,59,78,45,17,45,54,66,64,27,61,45,86,42,60,34
2020-10-18,32,43,58,55,76,46,35,66,64,58,64,19,65,45,88,40,24,49
2020-10-19,37,54,73,61,88,74,100,62,67,63,77,28,84,81,94,63,31,85
2020-10-20,38,55,70,61,85,71,89,85,72,64,100,37,97,86,96,100,53,67
2020-10-21,41,54,80,63,87,80,33,100,73,65,86,27,91,77,98,97,71,60
2020-10-22,33,55,70,62,80,100,15,69,83,63,89,28,92,73,89,78,96,59
2020-10-23,33,53,61,59,81,69,35,66,74,80,76,30,90,58,85,64,40,59
2020-10-24,26,50,58,63,90,53,30,51,49,75,61,23,65,56,75,51,65,28
2020-10-25,35,49,62,62,87,51,30,79,69,69,66,26,55,49,85,44,53,24
2020-10-26,44,61,68,70,97,80,29,59,73,76,80,36,76,59,88,58,100,55
2020-10-27,40,59,70,62,93,85,20,87,82,74,87,27,87,72,86,56,83,56
2020-10-28,44,65,87,71,100,85,15,73,100,84,96,61,91,83,88,47,66,53
2020-10-29,39,61,68,69,92,82,34,99,66,76,89,95,92,99,85,38,79,56
2020-10-30,39,61,74,69,97,94,22,53,69,90,80,73,84,100,78,31,85,39
2020-10-31,31,56,62,68,97,67,21,43,65,88,81,100,60,54,77,26,96,23
2020-11-01,78,48,47,70,70,45,46,22,78,84,22,32,17,33,77,71,79,1
2020-11-02,90,57,57,67,66,73,100,46,88,79,26,27,22,27,87,79,81,2
2020-11-03,68,50,49,60,56,64,54,36,72,63,19,16,21,36,71,60,45,2
2020-11-04,46,29,34,36,33,33,15,19,52,33,9,7,11,23,42,39,36,1
2020-11-05,56,39,39,47,47,45,15,38,73,44,15,10,14,28,58,42,90,1
2020-11-06,51,44,44,52,58,44,29,45,72,45,18,11,15,31,63,45,63,1
2020-11-07,60,44,41,59,61,32,36,33,56,56,15,11,14,27,56,60,45,1
2020-11-08,74,47,46,58,61,36,45,48,74,58,15,11,17,36,65,74,59,1
2020-11-09,76,67,67,76,75,68,67,51,92,59,26,18,100,77,83,96,73,100
2020-11-10,76,68,68,70,75,64,44,38,96,58,32,15,69,59,85,100,75,59
2020-11-11,74,73,81,78,84,73,28,41,83,60,41,20,50,63,87,83,66,29
2020-11-12,79,80,79,86,90,75,36,27,93,73,43,42,42,55,87,85,64,24
2020-11-13,78,86,78,93,100,73,36,39,98,77,56,58,51,75,86,79,83,22
2020-11-14,75,79,72,91,94,60,18,42,64,84,55,67,42,65,84,68,43,15
2020-11-15,88,75,70,90,93,53,28,33,74,79,63,74,34,53,85,70,51,10
2020-11-16,100,95,89,100,94,80,31,36,85,77,92,100,65,100,96,99,100,16
2020-11-17,97,100,87,99,90,83,26,60,98,80,100,78,58,96,94,96,55,16
2020-11-18,90,99,100,98,89,81,23,44,97,86,98,56,60,94,99,94,56,26
2020-11-19,96,94,81,91,84,98,22,75,88,100,79,45,52,96,100,87,63,17
2020-11-20,89,88,81,85,83,92,35,100,84,78,64,42,49,93,93,89,73,18
2020-11-21,85,81,69,78,76,55,24,44,83,82,50,35,40,77,82,86,47,10
2020-11-22,90,74,64,74,73,53,23,37,84,69,40,26,38,71,82,67,65,8
2020-11-23,80,84,76,79,76,85,24,65,89,73,53,37,49,92,88,79,60,12
2020-11-24,91,81,65,71,69,83,20,36,85,69,45,26,51,96,80,80,82,11
2020-11-25,80,75,80,73,67,100,18,27,78,72,37,18,43,82,76,79,44,9
2020-11-26,75,56,52,61,60,61,13,20,63,75,23,13,35,50,66,53,37,6
2020-11-27,69,59,52,66,63,55,13,31,56,62,24,12,34,63,72,65,73,7
2020-11-28,77,59,55,68,71,49,18,33,72,77,28,21,37,63,70,63,46,7
2020-11-29,82,63,58,63,67,57,23,33,59,69,30,20,39,82,74,61,27,8
2020-11-30,97,71,65,67,64,79,22,40,100,62,31,20,49,75,81,82,60,11
2020-12-01,82,78,76,87,91,54,39,72,95,60,58,37,32,47,96,6,4,37
2020-12-02,81,77,87,87,89,100,26,100,85,64,50,26,38,53,95,7,6,60
2020-12-03,82,81,85,100,100,83,39,72,100,84,69,63,40,56,100,7,7,58
2020-12-04,74,78,81,94,92,69,67,90,73,80,70,88,43,54,94,7,4,39
2020-12-05,69,75,73,89,88,48,42,56,68,79,64,90,40,48,92,6,7,31
2020-12-06,81,71,66,85,86,43,26,80,65,74,60,100,33,46,88,5,3,24
2020-12-07,91,83,86,91,97,63,35,82,95,74,63,95,39,58,100,7,5,41
2020-12-08,89,85,83,87,97,58,45,65,93,84,58,62,58,77,96,7,6,86
2020-12-09,80,84,100,91,90,58,35,83,88,96,70,56,65,77,96,9,5,81
2020-12-10,82,86,84,93,89,56,44,66,91,100,100,42,73,70,91,8,4,97
2020-12-11,82,82,80,84,85,51,50,48,93,96,88,41,71,60,88,6,6,97
2020-12-12,66,76,70,78,80,36,36,67,60,83,56,29,80,74,83,5,3,99
2020-12-13,70,72,66,75,79,39,46,38,67,81,49,25,66,69,88,5,4,77
2020-12-14,77,83,86,79,77,52,32,60,71,81,45,30,91,87,93,7,8,100
2020-12-15,74,85,86,78,78,50,34,89,83,82,45,31,92,98,89,10,9,86
2020-12-16,74,81,98,76,79,53,31,95,90,71,44,25,79,83,94,13,3,68
2020-12-17,74,83,78,75,78,49,43,54,79,72,45,22,81,88,92,18,6,72
2020-12-18,81,88,78,76,77,46,32,56,72,80,47,29,90,89,92,18,7,71
2020-12-19,66,84,75,77,72,38,39,36,58,74,46,31,90,90,84,17,16,57
2020-12-20,87,84,70,77,79,40,50,27,67,73,41,40,76,81,88,25,31,42
2020-12-21,100,95,91,95,71,57,35,41,69,57,47,33,80,78,90,54,46,53
2020-12-22,89,90,85,87,67,53,57,50,64,63,38,28,77,77,90,49,29,48
2020-12-23,76,90,90,76,63,45,50,26,53,63,43,19,68,65,86,45,17,49
2020-12-24,60,75,62,68,64,36,100,36,58,58,29,15,52,59,74,28,14,33
2020-12-25,49,57,45,58,66,25,95,23,58,58,27,12,40,40,72,17,10,21
2020-12-26,58,67,52,64,75,36,51,28,58,63,36,21,44,52,82,18,19,21
2020-12-27,80,73,68,69,75,38,53,47,57,77,42,20,51,60,86,18,26,23
2020-12-28,93,93,73,71,72,48,43,47,52,70,45,20,67,68,95,65,15,35
2020-12-29,83,93,76,76,76,52,39,22,58,69,44,22,88,74,94,77,36,39
2020-12-30,83,100,93,86,75,50,30,19,59,80,41,20,100,100,85,100,100,41
2020-12-31,79,90,77,75,72,45,32,44,55,80,37,20,89,98,78,61,46,36
